Plot,year,date,severity,new,blue,green,red,redge,nir,ndvi,ndre,cire,sipi,mndvi
1,2021,D0,0,2021-07-07,0.02089238441472932,0.048802161800688554,0.04060995014630651,0.12152262404852476,0.2446870792784601,0.6569093343828624,0.32211392052989685,0.9989964780506716,1.2089929746462753,0.49929140294004326
1,2021,D1,0.25,2021-07-15,0.020382975589187863,0.04942616659086405,0.03205623443402964,0.12173786360621791,0.2899206265498531,0.7603174832421552,0.3967210148141669,1.3809845927033402,1.0954316437997493,0.14459301966947039
1,2021,D2,0.9,2021-07-20,0.020665341854501185,0.051983532832820145,0.03630887290012232,0.14699694394807492,0.36028860113745104,0.7819582874567923,0.41005625339351504,1.454421829388968,1.0907910725428955,0.07652749480475293
1,2021,D3,4.575,2021-08-02,0.025130639786240836,0.0633464474556525,0.03448836425629986,0.19726308295440032,0.42747750459416334,0.8350754473644942,0.37165062785958014,1.231015133924123,1.0416813414639268,-0.5201193156431136
1,2021,D4,8.75,2021-08-25,0.03317172642863077,0.06795603286517762,0.06613099992457423,0.163276131635819,0.3060204498288857,0.6192177159885468,0.2999994095991741,0.9131849849934865,1.225855043362236,0.08609201069045615
1,2021,D5,21,NA,NA,NA,NA,NA,NA,NA,NA,NA,NA,NA
2,2021,D0,0,2021-07-07,0.022003680632548466,0.05443210331649085,0.04510647286716955,0.13273594554615847,0.2787726800364963,0.6671694016761299,0.3387557595803543,1.0722584949740588,1.2029963752913435,0.43835034298455283
2,2021,D1,0.75,2021-07-15,0.019017549650223953,0.047920837833968694,0.029241721932253977,0.1168986432673207,0.267757640025505,0.7610975779711052,0.3815743924816468,1.2858749284789117,1.0898368301759083,0.0458092648807521
2,2021,D2,3.675,2021-07-20,0.021543151780551443,0.053980969214347016,0.038320959210734286,0.15269892883845776,0.37279465587849603,0.7756811335318047,0.409006809613774,1.4399732890454422,1.0930755195009485,0.13240196806184676
2,2021,D3,12.45,2021-08-02,0.025105672058707326,0.06159803101192963,0.035646694722829476,0.18424604418842327,0.39293184479584564,0.8109584737751119,0.3607707880433034,1.1773175532810054,1.0549526223432553,-0.4577592358110058
2,2021,D4,20.75,2021-08-25,0.03559652202576074,0.06614677077832065,0.07592767013490138,0.13152867739655108,0.21433333926088213,0.4807597219475934,0.2449726143984129,0.6723946728729637,1.3666526807245276,0.02647753822142051
2,2021,D5,45.35,NA,NA,NA,NA,NA,NA,NA,NA,NA,NA,NA
3,2021,D0,0,2021-07-07,0.022556183912096895,0.05711344714883634,0.04411843248685968,0.1383896298763591,0.2971490085140001,0.6880898012704968,0.34814462746083086,1.1165161564060633,1.181832123868988,0.4072417551874481
3,2021,D1,2.925,2021-07-15,0.019674388395697892,0.0490312668018915,0.029052718372851404,0.1239710851779259,0.2874765966332322,0.7748026791686263,0.3851904841226728,1.3121339859368926,1.0806258653374752,0.02821563246179182
3,2021,D2,7.375,2021-07-20,0.020673446245461698,0.05449944691022228,0.037399984061615904,0.15594584718473267,0.3971302849553277,0.7953697578142437,0.4269298425963623,1.5577238935732887,1.084938612605052,0.061999574163392454
3,2021,D3,18,2021-08-02,0.024583100372272564,0.06176597874492993,0.03476931583983366,0.19765955784597655,0.4174476756901234,0.828002809712202,0.35867992036969515,1.1628946381906866,1.0459941619082556,-0.5744413976083776
3,2021,D4,34.6,2021-08-25,0.037806395930481976,0.06896098568301366,0.08072512489944755,0.12491452182813445,0.20231596521142137,0.4538598090406878,0.24888635485593077,0.689790823779984,1.3999209006381619,0.03886983558524345
3,2021,D5,65.15,NA,NA,NA,NA,NA,NA,NA,NA,NA,NA,NA
4,2021,D0,0,2021-07-07,0.021874614844586495,0.056174083933992404,0.042874717699644446,0.1365349918512479,0.2917336201846757,0.6953013025750472,0.3481033281749162,1.1116723908238964,1.1697153406216052,0.3786825646742485
4,2021,D1,0.75,2021-07-15,0.01963094329953892,0.04868798162062401,0.03043498674743878,0.131266485887497,0.31070010123683867,0.7820181836070957,0.39789288454275507,1.378507219366817,1.0793699350938926,0.027410644042960772
4,2021,D2,5.45,2021-07-20,0.021324285267606317,0.055938774089490884,0.03814747711225706,0.15592948956102284,0.38948385357113735,0.7920895425161442,0.42042944293733375,1.4995324191641533,1.0825754711141273,0.04675895027730639
4,2021,D3,17.45,2021-08-02,0.027484648464431393,0.06946836777316884,0.043632579071301296,0.23181812515381386,0.4706403956950914,0.8123663438853422,0.3418064087514944,1.0764829363891155,1.063901211867207,-0.5624987734705067
4,2021,D4,42.6,2021-08-25,0.03273967382174112,0.06385213777437447,0.07184862168257354,0.122043048982785,0.20692847668930703,0.4991206886192157,0.26469524192280364,0.74844662480474,1.3466721228407126,0.05124495212118432
4,2021,D5,75.5,NA,NA,NA,NA,NA,NA,NA,NA,NA,NA,NA
5,2021,D0,0,2021-07-07,0.022960740097045493,0.058178114130418124,0.04563810998155348,0.1391187107932214,0.2921267592646253,0.6801860524302461,0.3393279896547531,1.075473216285643,1.1831138557591894,0.44505296477646367
5,2021,D1,3.375,2021-07-15,0.02113099837241825,0.05204240748331483,0.03232802998746479,0.1335987709928392,0.3020882617364438,0.7639989962367874,0.3756051462687672,1.2548894852701613,1.0870830072066016,0.150216009510792
5,2021,D2,3.45,2021-07-20,0.02137609440956277,0.05544645798865101,0.039411562986637276,0.15355040367738534,0.37456658871361753,0.7752996388379756,0.409456362715219,1.4469040550338308,1.095501192171673,0.12951381626200018
5,2021,D3,15.45,2021-08-02,0.027478311815836775,0.07332335463543302,0.04389518257606215,0.22640006063180243,0.4458780840702042,0.7968273081587952,0.3272567130205246,1.0193596789431225,1.0744471702477798,-0.3103782429989433
5,2021,D4,17.25,2021-08-25,0.03340376651397682,0.06654732201775167,0.07474162104123296,0.1302465917746575,0.21491860694629047,0.4934244108194941,0.2531492317675372,0.7062527563260682,1.353491088540416,0.04580862110362603
5,2021,D5,55.25,NA,NA,NA,NA,NA,NA,NA,NA,NA,NA,NA
6,2021,D0,0,2021-07-07,0.022675594160587974,0.05957335322757795,0.042138275850866644,0.14203907194019974,0.30820786158907465,0.7142905034908165,0.3568939534662546,1.1581653838860837,1.1497398427668966,0.30651449446803614
6,2021,D1,0.8,2021-07-15,0.020485883985911356,0.05105246681267657,0.03119703677985116,0.14115131799500144,0.3349992921576961,0.791895910413381,0.39757571085302923,1.3748307220139007,1.0741665749413045,-0.0794766912251848
6,2021,D2,1.375,2021-07-20,0.021732530962083055,0.05606451632982359,0.035810728836031556,0.16000262892166367,0.398239907142621,0.8091809093620173,0.4198103551960497,1.493574254480336,1.0698024902503618,-0.16733123806946668
6,2021,D3,8.8,2021-08-02,0.0252191169901756,0.06154771835910466,0.036004361051323756,0.20197805447449999,0.42879342155074257,0.8282890984293457,0.3619902792880908,1.1817976806020432,1.046306215804763,-0.64989803359413445
6,2021,D4,12.25,2021-08-25,0.03576925227844419,0.07247604552175181,0.07037802876017708,0.17312855998624144,0.3140636579732975,0.6212679741201304,0.2859255658044552,0.8448268252695198,1.2371373596414494,0.11184626092258328
6,2021,D5,15.35,NA,NA,NA,NA,NA,NA,NA,NA,NA,NA,NA
7,2021,D0,0,2021-07-07,0.023606691319765706,0.0599942454517881,0.04294853406251862,0.14332182513128955,0.3103642276289111,0.7052194054808997,0.35283546542716193,1.1404401022987911,1.158901254631951,0.22357257777120026
7,2021,D1,0.375,2021-07-15,0.022431737249440517,0.056746700314655556,0.03130302151432367,0.14615491649108817,0.36745052511727927,0.8055775251097537,0.42015418233459645,1.5042189020800651,1.0585178073451422,-0.2078983832777519
7,2021,D2,3.05,2021-07-20,0.01983959844719843,0.05239146759371982,0.03299101984358602,0.15565167983601016,0.3980271184929658,0.8196373723811872,0.429525645740773,1.5547876602011335,1.065487761775629,-0.29137129936881057
7,2021,D3,9.1,2021-08-02,0.024348670019040897,0.06283112975032572,0.03451642034472996,0.20812858634588258,0.4614012864727572,0.8472470313896446,0.38255180234355163,1.2882046979782953,1.0390402128090763,-0.8562301124216426
7,2021,D4,13,2021-08-25,0.0297504818250553,0.05792985094878423,0.06628184348536278,0.13421738453470355,0.23452085770151151,0.5560935586912775,0.2760420581094516,0.792368188075165,1.2950753134343518,0.0697294938624234
7,2021,D5,30.95,NA,NA,NA,NA,NA,NA,NA,NA,NA,NA,NA
8,2021,D0,0,2021-07-07,0.023642311631485037,0.06191251362100773,0.04298428898832265,0.14831991812833398,0.3220374675280249,0.71636649982175,0.35602438837682937,1.153831371530378,1.148875830386801,0.21173498335630317
8,2021,D1,3.7,2021-07-15,0.021870138157787607,0.05383426522249851,0.030433779180698846,0.14019858218935244,0.3415687108112572,0.797796964798861,0.40831095034908726,1.431302366418912,1.0608032526452071,-0.1346557992453047
8,2021,D2,8.4,2021-07-20,0.019588863015763826,0.05078258716339354,0.03284344355764567,0.15299046470510094,0.3931336742374569,0.8197848959891266,0.43264711638268133,1.5787544904235153,1.0622662782005494,-0.2423790190993261
8,2021,D3,29.4,2021-08-02,0.025300215023154216,0.05947328491566706,0.03604092532362353,0.20657953393618375,0.43645783503260066,0.8318661672840966,0.3616866824065555,1.171456837636451,1.0436901580563134,-0.7183310743569694
8,2021,D4,41.2,2021-08-25,0.037656774649351084,0.07335121445628418,0.08514251922412364,0.13331633020221392,0.20881200456235277,0.4441819080653444,0.23136775451602415,0.6194195663902572,1.4372272184868085,0.14435250045432918
8,2021,D5,71.75,NA,NA,NA,NA,NA,NA,NA,NA,NA,NA,NA
9,2021,D0,0,2021-07-07,0.02427710131438739,0.061393735574716904,0.04394926980728592,0.1444968389196187,0.308585061647948,0.698530424524915,0.3476681184205942,1.117134724352992,1.1632746088440564,0.2623829016556792
9,2021,D1,2.375,2021-07-15,0.02188458579150438,0.054441947510991975,0.029638699889471935,0.13653803275588422,0.33856066238717814,0.8036543198689972,0.41637333686777317,1.4784582591899464,1.0551242189012413,-0.25101486253321836
9,2021,D2,4.275,2021-07-20,0.021439528873706103,0.05433168981087567,0.03362620049911161,0.15594278535131204,0.40892185993654295,0.824276251931495,0.441315146950147,1.6324658284031213,1.0561764260945297,-0.4109303033191531
9,2021,D3,13.2,2021-08-02,0.023230384487108117,0.06380880250549167,0.03683221077255617,0.21066913298379575,0.4795214136515263,0.842205895850148,0.39253820457631317,1.3420359698569433,1.0491362384238936,-0.7612609133125466
9,2021,D4,15.65,2021-08-25,0.03487980529082358,0.06780984731846951,0.07374641714366528,0.14840528058255414,0.2625147243059334,0.5622498498943321,0.27991919939023224,0.8111977727347104,1.2789367781394083,0.11609574190758257
9,2021,D5,38.1,NA,NA,NA,NA,NA,NA,NA,NA,NA,NA,NA
10,2021,D0,0,2021-07-07,0.0234365684798309,0.059591319343218374,0.04362132681108275,0.1444027335288083,0.31312519093400226,0.6988392422804621,0.35153433476274926,1.1415593899055216,1.1685042424992182,0.3357828096650125
10,2021,D1,2.225,2021-07-15,0.020529557130589633,0.05020432239648498,0.029733882235353965,0.1338568884870543,0.31857845701442133,0.7882094004868867,0.3981184883231217,1.3782597716052298,1.0713870969497623,0.0205864547810572
10,2021,D2,2.275,2021-07-20,0.02108184641537474,0.05315596648031893,0.036299273271383,0.16159350058727592,0.40612884891046286,0.8110456757198587,0.42220966099004076,1.5091684297156411,1.065504092488185,-0.16969125206822233
10,2021,D3,30.25,2021-08-02,0.024569603122638946,0.05829370257082023,0.03337979694814685,0.20354885105383855,0.4674466998187812,0.8522271756333112,0.3940105886835799,1.3324810731226466,1.0311383933212042,-0.9329644398080859
10,2021,D4,17.3,2021-08-25,0.03244729766331741,0.06243503227354476,0.07069394830016472,0.13318807181900816,0.2240196633478859,0.5263451385250232,0.2603763730681003,0.7298258245894331,1.3243421376322138,0.06984817107725348
10,2021,D5,68,NA,NA,NA,NA,NA,NA,NA,NA,NA,NA,NA
11,2021,D0,0,2021-07-07,0.02282100276455048,0.05970168223545373,0.04427105209949365,0.14320501179447245,0.3003495828697592,0.6909050822159737,0.3404127109786782,1.0743886253196817,1.1784685446577812,0.3831091051871136
11,2021,D1,1,2021-07-15,0.0185980025249059,0.05052206172352945,0.031058537106114066,0.1318898438503682,0.3058316683864208,0.7805915966215947,0.392277384961947,1.3566258673410796,1.0907179106744231,0.025017020054392523
11,2021,D2,5.875,2021-07-20,0.021076383463828178,0.05629455676185885,0.0369002186806977,0.15724434410560165,0.37621026137744706,0.7876093161072629,0.4011143089784575,1.385441868499312,1.0859170413964376,-0.04831534313195452
11,2021,D3,18.65,2021-08-02,0.02227491755425196,0.05626305679157328,0.0340262002700782,0.19247621619534877,0.40873794040009737,0.8252356308426618,0.3618694266327746,1.1790729335530987,1.053370572129843,-0.47021344376319707
11,2021,D4,22.35,2021-08-25,0.03220764338020569,0.06421227059087223,0.0735843250379194,0.13056105249116237,0.212610294646614,0.4872964772386114,0.24163318138061268,0.6602580034094795,1.3939859963703671,0.16351823194747914
11,2021,D5,47.5,NA,NA,NA,NA,NA,NA,NA,NA,NA,NA,NA
12,2021,D0,0,2021-07-07,0.022290884497116338,0.060343720082595635,0.0429655311576603,0.1441267411796176,0.30375921333021316,0.6985894123755295,0.34248548402255385,1.080121516648426,1.1710072911386127,0.3004619363181852
12,2021,D1,0.125,2021-07-15,0.01981701956340857,0.053488235731252096,0.032882781380142376,0.13223806014798126,0.30222704140191065,0.7638126646792291,0.38191669060994893,1.2891364879697966,1.1000600657831534,0.0061431868503030425
12,2021,D2,2.95,2021-07-20,0.021781055551657144,0.05907054836345319,0.038678154299067895,0.1628041031518833,0.38818849000987776,0.783511510024198,0.39863137693217376,1.3605557099560046,1.0873273412437277,-0.095364584627628
12,2021,D3,7.35,2021-08-02,0.025233032694441323,0.06403574764388423,0.03893872349251986,0.1969020846054055,0.411020978722963,0.806132133142325,0.3530706780473398,1.127406365401761,1.062790941573238,-0.49193242105524054
12,2021,D4,10.4,2021-08-25,0.03148391691294862,0.06400177110442246,0.06896637076313195,0.14659707112215858,0.23890439068556274,0.5390937518175138,0.23991816760601037,0.6482139259510323,1.3049434476591737,0.05401536337597089
12,2021,D5,31.2,NA,NA,NA,NA,NA,NA,NA,NA,NA,NA,NA
13,2021,D0,0,2021-07-07,0.02211413375895872,0.06289556360788091,0.04265935745590247,0.14935794380194858,0.31750875595711164,0.7124581893056434,0.3477512342917868,1.1075914658931256,1.1606220211222047,0.3637140070775556
13,2021,D1,0.175,2021-07-15,0.020006170216080237,0.05614472348447336,0.03134367934220999,0.14027445336360944,0.3260599527613008,0.7887920983830006,0.3904000319306242,1.3329724353028203,1.0792617661378463,-0.06867047558245173
13,2021,D2,1,2021-07-20,0.020479918183424105,0.06098736079115578,0.03665144094072729,0.16917269145748545,0.41589302532266814,0.8096072334652066,0.41358059319924567,1.4496962866508016,1.0746838697019074,-0.15083105097794416
13,2021,D3,6.025,2021-08-02,0.024315068705130543,0.06981933317801295,0.03149349050157271,0.20806596809308361,0.44001681390843167,0.8538961758995153,0.36086090866265286,1.1642643317504744,1.0304279044147147,-0.9219435727439383
13,2021,D4,9.5,2021-08-25,0.031672026293210455,0.06808206437681152,0.06547172150793368,0.17511766037306475,0.3086364858836498,0.6280323486770515,0.2732816561717209,0.7777530281604125,1.2156102019349766,0.008994668948148835
13,2021,D5,18.4,NA,NA,NA,NA,NA,NA,NA,NA,NA,NA,NA
14,2021,D0,0,2021-07-07,0.023114898376451427,0.05985613940561285,0.046189467898410594,0.1392655068533049,0.2849417228789928,0.676337862295246,0.33149236058823833,1.0232721141968084,1.1888807248384903,0.4442368504298097
14,2021,D1,0.55,2021-07-15,0.02095564383336017,0.05658478660581918,0.03321927592720423,0.1439912812700113,0.3291101776386155,0.7828250390262462,0.38357184154735696,1.2906723107931337,1.0807140581215697,-0.04508038765715764
14,2021,D2,4.8,2021-07-20,0.021297172686368816,0.05862934879067451,0.037365445967755095,0.16078253314487695,0.3928958491642888,0.7985510358120768,0.41272677746613234,1.4437109882514425,1.0763378048427852,-0.10124776498217072
14,2021,D3,17.75,2021-08-02,0.027216983141691804,0.06959043221094124,0.040737383995505576,0.2240817109266778,0.4563009479846147,0.8229697460752582,0.34632801951259845,1.087822168019962,1.058747142383197,-0.873486558196919
14,2021,D4,21.8,2021-08-25,0.033201069924460064,0.06398255082169675,0.07626774085566503,0.12721212211311747,0.19495133274392965,0.45000804381716236,0.21549650457674638,0.5605547796454735,1.4254628011557064,-0.2514779990143995
14,2021,D5,73.5,NA,NA,NA,NA,NA,NA,NA,NA,NA,NA,NA
15,2021,D0,0,2021-07-07,0.022375835231898577,0.061179920347931196,0.041500244233228845,0.14629043572197958,0.31178259024346,0.7198423733609683,0.35042468034114904,1.1150447954112384,1.1467095667604996,0.24863497029285261
15,2021,D1,0.675,2021-07-15,0.022372605020327608,0.05968789572593058,0.033533452133571826,0.1488490543343551,0.34708701681443643,0.7903655520935832,0.3917954999843402,1.3350544364644499,1.0734516223910902,-0.13984438347347486
15,2021,D2,1.025,2021-07-20,0.02194515329609887,0.061279316591505935,0.03643290908078198,0.16344086910330757,0.4002293098269731,0.8077605952493834,0.414673884972085,1.4500551946610751,1.0682232649841017,-0.24951941233620542
15,2021,D3,4.55,2021-08-02,0.02798404756064866,0.07293050813461209,0.04063068605605504,0.2243523585293668,0.4512954712789296,0.8183377655617647,0.3413659361407415,1.0703625697948211,1.0509691667841814,-0.45800228075147964
15,2021,D4,8.5,2021-08-25,0.031557785549496564,0.06765107094534219,0.06388104785806546,0.16403560289166622,0.2689752512504198,0.601846568212375,0.2430514635309755,0.6562813005179521,1.2237028766091245,-0.02695606589431654
15,2021,D5,18.95,NA,NA,NA,NA,NA,NA,NA,NA,NA,NA,NA
16,2021,D0,0,2021-07-07,0.020861325829098543,0.058709568516481854,0.03996187177342611,0.14128532011104702,0.3017970074940487,0.7235433325638898,0.3521370046483111,1.1250962753757419,1.147408805571975,0.301009615366666
16,2021,D1,0.45,2021-07-15,0.021009176262281447,0.05998821938861354,0.03180204366095271,0.15602998873964022,0.36433334229321995,0.8096700276919122,0.39410803924091864,1.3428199242756436,1.0639345020185127,-0.3200177751092811
16,2021,D2,4.375,2021-07-20,0.020976215895564886,0.06260347538764137,0.03316698187545086,0.1759698932660897,0.4279086226960494,0.8375735169525571,0.41462027863734413,1.44307451420622,1.0501961429891062,-0.537894215083963
16,2021,D3,10.35,2021-08-02,0.023623521010808498,0.06819463323322883,0.033884987577272395,0.22254831494941546,0.45849495451459976,0.8516508686077952,0.35366123540465755,1.12454601682724,1.0361211880917627,-0.8471248175575983
16,2021,D4,16.7,2021-08-25,0.030493058194171054,0.06404962695503728,0.0658574253347727,0.14909127859292215,0.24486509006696464,0.5740527471963573,0.2454515166333581,0.6699439042975024,1.264780888289411,0.028018217218541613
16,2021,D5,50.25,NA,NA,NA,NA,NA,NA,NA,NA,NA,NA,NA
17,2021,D0,0,2021-07-07,0.02132974855184999,0.05750314101899913,0.039892175810071595,0.1370613897193915,0.295613456937276,0.7157179174503924,0.35507981052521026,1.1420617141742126,1.1539740977095931,0.34119340094209716
17,2021,D1,1.05,2021-07-15,0.02181142806284255,0.05995074560205537,0.032434772570422495,0.1516184378557678,0.35876937168621265,0.8000431163113546,0.39886707254491954,1.3698651455954864,1.0681732976243414,-0.1140547795460883
17,2021,D2,2.4,2021-07-20,0.020820446402039026,0.0596832783947518,0.03347267230883418,0.1692592419766643,0.41943610106745843,0.8302574542701224,0.419366393074524,1.4756373060196422,1.0544881331476386,-0.3193034280912128
17,2021,D3,9.25,2021-08-02,0.02337971203960478,0.062355142281891145,0.032121667159182216,0.2017982490663183,0.44409839288327096,0.8520045546200129,0.37710442697284996,1.2452049969258983,1.0357469156508803,-0.8700951547563851
17,2021,D4,21.2,2021-08-25,0.03252230183482848,0.0638461091297548,0.06648973792853523,0.13752811947402013,0.22439451663803772,0.5383072691211188,0.24208999057344768,0.6564856741110481,1.2983168064722725,0.0010159223077330546
17,2021,D5,30.2,NA,NA,NA,NA,NA,NA,NA,NA,NA,NA,NA
18,2021,D0,0,2021-07-07,0.02188218718806057,0.05869400800956324,0.04093411798049702,0.14137982250510966,0.302336755899024,0.7115535479350596,0.3503842085804408,1.118671784269258,1.1580020887954525,0.32563499811703506
18,2021,D1,0.5,2021-07-15,0.02132649342738478,0.057068438555670134,0.030897490688173827,0.14719232366306373,0.34481226976618345,0.8004531613024517,0.39269738509809116,1.3478593614195757,1.0661370007920017,-0.14783130195561853
18,2021,D2,5.05,2021-07-20,0.020521101222071486,0.058551880597814146,0.032851827369373414,0.16679461960918202,0.4183310785112601,0.8334914825966359,0.425292246710257,1.5209923317764995,1.0516774373583848,-0.30294254613096283
18,2021,D3,9.85,2021-08-02,0.022662826477641843,0.062172266123905806,0.03157510922137129,0.20270046225465616,0.4475631335438833,0.8549204199495674,0.3785744948387033,1.253492808311204,1.0358220644203369,-0.7559168261685135
18,2021,D4,21,2021-08-25,0.02987871621482921,0.05902406542257567,0.06794822120861696,0.12513367249855598,0.20401133644224712,0.5055839237767276,0.24319904988057375,0.6654888784975816,1.3609097811417252,0.04340790119408071
18,2021,D5,53.65,NA,NA,NA,NA,NA,NA,NA,NA,NA,NA,NA
19,2021,D0,0,2021-07-07,0.022603187242301984,0.05975365999054198,0.04357306842443875,0.14290671521935597,0.2992025021916137,0.696297817019117,0.3402171446094348,1.070942971867468,1.1771607901472767,0.39810832137540925
19,2021,D1,0.45,2021-07-15,0.021598941058895288,0.0575334754695153,0.031147981910912257,0.14166456888307746,0.33025511022715637,0.7919106905802415,0.39145127914934436,1.3304156612269553,1.06931814328719,-0.125423042383604
19,2021,D2,4.35,2021-07-20,0.021184062666743015,0.059527718552707706,0.03409332590210946,0.1669940788838779,0.41646792560900225,0.8290410861735796,0.4224323615833422,1.4934347772187246,1.0533007543287258,-0.35812892932564644
19,2021,D3,12.3,2021-08-02,0.023664507861804532,0.06000657723081747,0.033218984397424454,0.18946316130971658,0.44014436865838047,0.8441076683629314,0.40015588983958655,1.374169657463377,1.0422222300538133,-1.0814628753456503
19,2021,D4,52.7,2021-08-25,0.03446312315776787,0.06983648509080428,0.07757790432424905,0.14470334973972354,0.22997565218103058,0.5042939248015672,0.23103438792763073,0.620002226438093,1.3852639963661646,0.20626545310864397
19,2021,D5,71.4,NA,NA,NA,NA,NA,NA,NA,NA,NA,NA,NA
20,2021,D0,0,2021-07-07,0.023508877506114637,0.05890453039065808,0.047592968713421904,0.13688859838038142,0.2807071748999009,0.6557863871197727,0.32765723983406225,1.0246774049602934,1.2226243639608876,0.5812196925031308
20,2021,D1,0.225,2021-07-15,0.022663772563781735,0.05830423488569326,0.03712529554521495,0.14819536828109192,0.3369566694245867,0.7581284653572069,0.3783656987023231,1.2723543362392367,1.104388301888353,0.14232269457449198
20,2021,D2,3.275,2021-07-20,0.022863273884834598,0.06025028946799139,0.03771215100499788,0.16741884954432495,0.41057333369142063,0.8133904709591854,0.414680408368762,1.452372521414568,1.056663630531995,-0.18526152539969348
20,2021,D3,11.35,2021-08-02,0.023777711025954527,0.05588091658323068,0.03341388432915405,0.17942885876940023,0.4061702183131191,0.8257591661297722,0.3845869415299783,1.2930730337841159,1.0476568498154064,-0.4141809408381047
20,2021,D4,11.6,2021-08-25,0.03227812172841976,0.06842014248858765,0.07143897859931454,0.16607767023175238,0.2665646778314989,0.5637742681770541,0.23092027109812197,0.6216048468554471,1.3041216381418685,0.14434190348155587
20,2021,D5,18.95,NA,NA,NA,NA,NA,NA,NA,NA,NA,NA,NA
21,2021,D0,0,2021-07-07,0.022187066079112104,0.05638866630121427,0.04349103161806539,0.13418877394040488,0.28197668217972005,0.678026152210604,0.34417174345969076,1.0917439699330722,1.1873055781125554,0.5261465375377359
21,2021,D1,1,2021-07-15,0.020157310113344106,0.04875384450308642,0.03535302199068541,0.12015034218329505,0.27171066316707454,0.7356596132206488,0.37993533326898443,1.2872960332105052,1.1200030689513363,0.24274055617837428
21,2021,D2,3.675,2021-07-20,0.024181768853400523,0.061438541733849224,0.04705646998818957,0.1632921294250651,0.3503712558912005,0.727003322281321,0.3567379702559615,1.1368177268834017,1.1306603813420268,0.2412537372738888
21,2021,D3,12.7,2021-08-02,0.024494897589422145,0.05809190630626666,0.042984898508724265,0.17842452552602447,0.3147829745866668,0.729930441204577,0.27959845303088704,0.8095929939858358,1.115223458993366,0.005691116550124757
21,2021,D4,17.7,2021-08-25,0.033982874950429585,0.07115492144037248,0.07250453362581115,0.13894411789948563,0.2177166743444352,0.5067603422951903,0.22606226976239513,0.5981403689054652,1.3375264787222012,-0.19617713065270373
21,2021,D5,51.4,NA,NA,NA,NA,NA,NA,NA,NA,NA,NA,NA
22,2021,D0,0,2021-07-07,0.022755581888672733,0.05684062487085276,0.04544145035136672,0.13391346787567474,0.27537678361878365,0.6666546626702494,0.3337415758576336,1.0412628718151196,1.199818531016952,0.5088588229648063
22,2021,D1,1.175,2021-07-15,0.0216545153239786,0.05001697880243497,0.03766276211190937,0.12150137194468633,0.26704880558044747,0.7155948012129774,0.3650532610568227,1.1995585475766735,1.1311784528526099,0.2966248438640705
22,2021,D2,1.95,2021-07-20,0.02357276427833484,0.057389553911434056,0.04634504906707617,0.15836903026620142,0.3343388934033026,0.7189932454576542,0.34829890910717426,1.092332473591828,1.135407476674882,0.22402512037307626
22,2021,D3,11.85,2021-08-02,0.027317990187664794,0.059880431198840234,0.04708922401424751,0.1774981649242768,0.33505448884845934,0.7195766848837292,0.305542927607987,0.9136159652319672,1.1248917008697923,-0.02458783042885487
22,2021,D4,15.55,2021-08-25,0.02865668564015737,0.06429306158354073,0.05747477359805925,0.15747160215568187,0.25906842153459225,0.6237296717663913,0.24317008841961316,0.6564541138235583,1.1965768065575555,-0.11394084027271846
22,2021,D5,17.95,NA,NA,NA,NA,NA,NA,NA,NA,NA,NA,NA
23,2021,D0,0,2021-07-07,0.02272741724113483,0.05738842736054432,0.04389309987965738,0.1379282697130077,0.28730497478991834,0.6838893452832591,0.3418451099761281,1.0772730700937492,1.1790340367361694,0.39704536804066526
23,2021,D1,3.775,2021-07-15,0.022658016037228335,0.05245606460851105,0.03529764040493402,0.13281225687657724,0.30069811292977716,0.7540973306456501,0.38027484919463345,1.2711511389470502,1.0951532242952482,-0.022457002483578088
23,2021,D2,4.65,2021-07-20,0.022516008059423363,0.05564379792659727,0.04242904164443159,0.1626544658273321,0.3609010878122764,0.7562440383072999,0.3706427623942597,1.207476013209314,1.108038915169001,-0.06513353647374616
23,2021,D3,18.65,2021-08-02,0.026190827326392805,0.057447558114914817,0.03728375633745145,0.1842602651618807,0.3627074014451442,0.7868434312381059,0.3266339750475075,1.001675733277854,1.06433554325296,-0.45275573211800013
23,2021,D4,51.25,2021-08-25,0.030212900697041037,0.06066010843883974,0.0666622705407,0.13848701012257808,0.21701728223352676,0.5271642887097959,0.2225675226940656,0.5855172051221322,1.3166959677493526,-0.15619194321949093
23,2021,D5,84,NA,NA,NA,NA,NA,NA,NA,NA,NA,NA,NA
24,2021,D0,0,2021-07-07,0.02140498047380659,0.05666796204390855,0.04005206692188088,0.13706567755697815,0.29376091256427256,0.7116083921244606,0.3544428839765433,1.1437437100960943,1.1526365455955672,0.40365150290029683
24,2021,D1,0.6,2021-07-15,0.020515253501529402,0.052132574924383564,0.032687525184108474,0.13826416312801984,0.32562374836635405,0.7833498326531477,0.39576190130258654,1.3672314753575583,1.0813310306629393,0.05394925521316329
24,2021,D2,0.425,2021-07-20,0.02082984855258637,0.054937885831383926,0.03747857895945505,0.15819950142409792,0.3747444050018639,0.7851167395322864,0.3976250529174562,1.3581943300921486,1.0884487392403557,0.009060770946587441
24,2021,D3,3.75,2021-08-02,0.025819653715444008,0.06053501702192642,0.03775902213405782,0.19141006253802817,0.3971750034264072,0.8019641276111891,0.35183804541293745,1.1278397284828745,1.061822016915012,-0.7375545901331511
24,2021,D4,5.4,2021-08-25,0.029675866582132924,0.061583390679118555,0.06095243996236472,0.15008689337395806,0.24656463160375902,0.5848672680744744,0.24165361999237894,0.6572800774000214,1.2700451980432108,0.1313856963489787
24,2021,D5,15.9,NA,NA,NA,NA,NA,NA,NA,NA,NA,NA,NA
25,2021,D0,0,2021-07-07,0.020861863952004532,0.05736771745310225,0.038071911163985415,0.13984995732441996,0.29911223111958185,0.7290118349663064,0.3560800696632044,1.1446111742805216,1.1352573006926348,0.1922804964539523
25,2021,D1,0.475,2021-07-15,0.021287516935819914,0.05645641128180106,0.03279427513332218,0.14833818789725128,0.35014623651291216,0.7989040219281961,0.4000442102263665,1.3914122099583712,1.0686199596375179,-0.19998354087483305
25,2021,D2,2.925,2021-07-20,0.020739718430936083,0.05667053926648563,0.03645774730994324,0.16738177824429015,0.39378310361541213,0.8025925551637955,0.39773670313801374,1.3492680485721877,1.0745663010532687,-0.2128007021730204
25,2021,D3,8.95,2021-08-02,0.02561498518891117,0.06698111921454532,0.04009003399200339,0.2271989737653195,0.4421287933319794,0.8138777982756011,0.32786213249131385,1.0184009734120227,1.0564834001925136,-0.5740803039096705
25,2021,D4,18.7,2021-08-25,0.028846450662966015,0.05705890819410142,0.06533360235512127,0.12029127669805191,0.18699822781709802,0.4882257797518728,0.2250774935023759,0.6019301719206268,1.3703593868644701,-0.005195640495169156
25,2021,D5,49.25,NA,NA,NA,NA,NA,NA,NA,NA,NA,NA,NA
26,2021,D0,0,2021-07-07,0.020157547062485303,0.054231159999131744,0.03848824340100785,0.13112026319867476,0.2787107491156573,0.7109046645937876,0.3537186275324196,1.147418340436562,1.1541731839038563,0.37412852254548246
26,2021,D1,0.525,2021-07-15,0.020954899254433088,0.05585342439464733,0.032718934675216034,0.1444677152551664,0.3498758316830615,0.7997719131601811,0.41131917451177546,1.448276361540197,1.0691238286662046,-0.08124797459654781
26,2021,D2,4.175,2021-07-20,0.020249986502243477,0.05755859334794882,0.03581589648658612,0.166256115368732,0.4091635495078529,0.8133004319369008,0.4166660424815868,1.4664407073973034,1.0702998542836473,-0.21440202191475294
26,2021,D3,16.6,2021-08-02,0.024007033506231092,0.06453540414177038,0.035254907345333,0.2070071485837485,0.44434887004153584,0.8351463558741654,0.370770106931134,1.22849682524537,1.0446797317829033,-0.7155234902939225
26,2021,D4,21.65,2021-08-25,0.032767044180732306,0.06359781325511785,0.07456906593156883,0.12513662882802012,0.18919889738488757,0.4570188961870063,0.2115906408871041,0.5535844256525396,1.4445113681340649,-0.030885031710745893
26,2021,D5,64.9,NA,NA,NA,NA,NA,NA,NA,NA,NA,NA,NA
27,2021,D0,0,2021-07-07,0.021930676181203798,0.05637151933420381,0.039961712798767854,0.130619264442768,0.28346469463210616,0.7008748517725125,0.35785444425521606,1.1670433502771165,1.1643718714221316,0.21921957686803556
27,2021,D1,0.3,2021-07-15,0.021852060622324792,0.056821433014720986,0.03272919048947489,0.14171554796888802,0.3463017255098828,0.7920994650269638,0.41094691360622976,1.4574949906888863,1.0710435407246384,-0.204941249473175
27,2021,D2,1.725,2021-07-20,0.02082344923776156,0.058142763513432824,0.03632322149052575,0.16630192162090043,0.4077441723758556,0.8067838382447543,0.4127645123225966,1.4447817357952846,1.075076133623257,-0.2931720786863684
27,2021,D3,6.8,2021-08-02,0.021580474883452196,0.058051696342827,0.027766233812875244,0.18735615664559585,0.43078335625790987,0.8663874551865115,0.39843678579314135,1.3590637411269475,1.0246739464828845,-1.0858622821667478
27,2021,D4,11,2021-08-25,0.02708242078352415,0.0599990739615574,0.057667937105287156,0.1504990499579037,0.24503368740476222,0.5946146831739039,0.23743694581509348,0.642878086212019,1.260061921433601,0.0416937059215949
27,2021,D5,24.45,NA,NA,NA,NA,NA,NA,NA,NA,NA,NA,NA
28,2021,D0,0,2021-07-07,0.022148654635626118,0.057254529133261595,0.041776717947557857,0.13315106459515993,0.2830351031546686,0.69142917893291,0.3488766190232624,1.121158594932521,1.1801032424015656,0.2670115421275066
28,2021,D1,0.775,2021-07-15,0.022029717887235806,0.05714222009430958,0.03436179620111462,0.14617139150421832,0.34417857369984034,0.782569201962749,0.3957798752878774,1.3665155041574704,1.0816350549853904,-0.1793357878659614
28,2021,D2,2.275,2021-07-20,0.02130630914294375,0.059522629197864094,0.0373312539811456,0.16917121216016326,0.4058952225518351,0.7983298265645488,0.4039077663542031,1.3892259339046527,1.0800704689137066,-0.0064584782133628345
28,2021,D3,10.6,2021-08-02,0.021827444121077014,0.05941714539573329,0.029589241190890292,0.1884719457358708,0.41824718473113576,0.8503351054017747,0.38070112376364684,1.261550330811637,1.0343842752881764,-0.7847178420713271
28,2021,D4,13.4,2021-08-25,0.027660028100121865,0.05688757935773853,0.06456498213190405,0.12805798068843435,0.20019659053856229,0.5069555628155331,0.22060311926332143,0.5872713226159203,1.3769948599291646,0.12080258024118863
28,2021,D5,44.9,NA,NA,NA,NA,NA,NA,NA,NA,NA,NA,NA
29,2021,D0,0,2021-07-07,0.02122350382291625,0.05473365566472792,0.041936756492472256,0.12957531276441642,0.27374503632363417,0.6830712282979737,0.34633462883608956,1.1068451629328016,1.1834830753484435,0.39212222665821
29,2021,D1,0.975,2021-07-15,0.020982340846283996,0.054838503393391615,0.032418128726512466,0.1348340025775491,0.3203631263221338,0.7814716733686952,0.39979933557715797,1.3814682681335888,1.0783938601080811,-0.1324388877055357
29,2021,D2,3.975,2021-07-20,0.020796879998121867,0.05889000925249569,0.03666624291938179,0.16971016830013366,0.3959561759524412,0.8020223701081003,0.39377773830820095,1.3287352208026477,1.076243855349235,-0.1350575729005716
29,2021,D3,13.7,2021-08-02,0.020156924132316036,0.05312046325482617,0.027615155003796604,0.16593008122302427,0.3789921936574577,0.8446381931673256,0.3930457329402517,1.3249284200445406,1.0350016573657455,-0.7231518294857007
29,2021,D4,16,2021-08-25,0.02838966423451698,0.05722612502328455,0.06488700743678731,0.12713730611671475,0.19923039764478595,0.5115626280388945,0.2244216564639196,0.5958388597894617,1.3519882986414324,-0.0581929351626807
29,2021,D5,44.4,NA,NA,NA,NA,NA,NA,NA,NA,NA,NA,NA
30,2021,D0,0,2021-07-07,0.023340619892621275,0.056911940190744935,0.044277225748118584,0.13095508225310626,0.26080624353193377,0.6588716717151311,0.3212312952210191,1.0088580460975851,1.2124153762656402,0.32447852948542766
30,2021,D1,1.55,2021-07-15,0.02388538669281604,0.058849615022955014,0.03938044607779297,0.1462760469895987,0.31944418108544487,0.7426529846165346,0.36260771247630613,1.2022264107703342,1.1163283117238425,0.018368358886033817
30,2021,D2,5.45,2021-07-20,0.02068966931328386,0.05666764593557311,0.041657446780706375,0.16755077523221976,0.3665856265535629,0.7608506463277303,0.3641167682702079,1.1796431129482081,1.110339534681524,-0.07596374295588357
30,2021,D3,26.75,2021-08-02,0.019931986268590655,0.04180364926489552,0.027753560965805953,0.12071820349318298,0.29492980837919525,0.8009225571547662,0.41839653086171386,1.5202301835653085,1.0519474314069253,-0.456517975692135
30,2021,D4,31.05,2021-08-25,0.031221413922412723,0.06389910895712682,0.07011234612111023,0.12325559338008187,0.18202445984801277,0.4541211033878029,0.19946032399016433,0.5166088953503599,1.4153534442534543,-0.08972055158015499
30,2021,D5,61.45,NA,NA,NA,NA,NA,NA,NA,NA,NA,NA,NA
31,2021,D0,0,2021-07-07,0.02211155475818778,0.060218035001254805,0.039769667046888224,0.14036510124794613,0.30815562011639763,0.7156573924161278,0.36158200325875484,1.182630614741019,1.1454514416720087,0.3773438603858459
31,2021,D1,0.2,2021-07-15,0.02140199394508825,0.05705006788522625,0.036332226086038685,0.13892784751493695,0.32177115087151664,0.7609113421658614,0.3886499680747609,1.3347470152924226,1.1027568234646723,0.13057384832470578
31,2021,D2,2.25,2021-07-20,0.022872519566219163,0.060361441909068704,0.041353285062716495,0.16914237090530354,0.359619586469412,0.7572023511516401,0.35230698886118994,1.1143660320229305,1.1061797819990415,-0.11194077746531025
31,2021,D3,11.55,2021-08-02,0.023008513911258268,0.057052175187288806,0.036619902295836115,0.17336654330777837,0.3311234701580336,0.7724715345988172,0.3138201328682576,0.9398589698839133,1.07609658935714,-0.28780190108131437
31,2021,D4,16.9,2021-08-25,0.02919905665002329,0.06398204752453003,0.060718077564362434,0.14544897229223305,0.24162219123291245,0.5913799561307174,0.2485036628517345,0.6779859541652191,1.2314091808453955,7.949468771459959e-4
31,2021,D5,40.1,NA,NA,NA,NA,NA,NA,NA,NA,NA,NA,NA
32,2021,D0,0,2021-07-07,0.021746831210504525,0.055622588264763545,0.038166462058486256,0.13128351838518468,0.2858235674996442,0.7057869169890643,0.35600484644845953,1.1565179889454384,1.1510222229280167,0.3542278409860235
32,2021,D1,0.9,2021-07-15,0.02201808218710182,0.05953653085371224,0.03894399215542316,0.13740544601156673,0.3171745766878004,0.7461246514773621,0.3899800345964639,1.3490326254987715,1.109361514036091,0.03780455320443946
32,2021,D2,1.475,2021-07-20,0.023276782477653996,0.05737544264300133,0.04043947830337985,0.16392539987126903,0.3273053530349184,0.7462584507530284,0.32489697343901575,0.9838178956407816,1.098886859930426,-0.0819634859133568
32,2021,D3,7.925,2021-08-02,0.024764840842172158,0.05523785062987309,0.03972681081220062,0.1718589190704032,0.32960705930477824,0.7534943632484778,0.31393028299352455,0.9409901043499969,1.0847216640522002,-0.2876957587160835
32,2021,D4,10.95,2021-08-25,0.0298266808860108,0.0674233625198636,0.06261795247630153,0.16648325562072225,0.27684813855920803,0.6132203182031504,0.24488467189888946,0.6634277766149907,1.2160193378528692,-0.07641450673126157
32,2021,D5,23,NA,NA,NA,NA,NA,NA,NA,NA,NA,NA,NA
33,2021,D0,0,2021-07-07,0.02082576270034371,0.058814598992233014,0.03393638963137466,0.14073330155922087,0.31360369809694333,0.7548542620597841,0.3704691078682923,1.230987350194252,1.106172633118217,0.14699663326314735
33,2021,D1,0.825,2021-07-15,0.020758487476604574,0.05788807583331966,0.03145918384434295,0.14679509467618473,0.3700974217706036,0.8162132372915976,0.42898316207602005,1.5758711793321,1.0577037995999898,-0.30427572791313434
33,2021,D2,4.35,2021-07-20,0.020554209973312795,0.05506976421672468,0.03165366644238008,0.16790614762396003,0.3830571335843752,0.8245731494571328,0.3848885538947765,1.2786321474374782,1.050752333900363,-0.3987374946479828
33,2021,D3,12.9,2021-08-02,0.021542898919301598,0.052427392141079866,0.030539549148610238,0.17655097173702208,0.37196689375023256,0.8277281291275291,0.3569453494042815,1.1373376266992403,1.0428859922701552,-0.6047624725973556
33,2021,D4,25.4,2021-08-25,0.029786968678874235,0.059613986899840495,0.06366181293167483,0.12858598799660595,0.20943266281427994,0.5358823156283833,0.24204570084191157,0.6564103502151803,1.2942612551008879,-0.050276864848370774
33,2021,D5,56.75,NA,NA,NA,NA,NA,NA,NA,NA,NA,NA,NA
34,2021,D0,0,2021-07-07,0.021928492922863595,0.06039846852263318,0.03532052177963195,0.14385158417065058,0.3201218624805988,0.7514753005960731,0.36949754845789307,1.219781642504655,1.1089144607824553,0.08401903015469363
34,2021,D1,0.35,2021-07-15,0.0201506904274326,0.05689458227578106,0.031349793128568504,0.15153570690384113,0.3765375280545974,0.82119042323298,0.4239588025189558,1.5293288010093162,1.059004663928665,-0.3881285963798673
34,2021,D2,1.65,2021-07-20,0.020451197126895297,0.055565797801780545,0.03147341189282915,0.17212437824501803,0.39118097523499457,0.8288811702819936,0.3848387910903679,1.2778733150363637,1.050203370084196,-0.47096277463700353
34,2021,D3,11.35,2021-08-02,0.022104203463885086,0.052586617764903164,0.03051191940059269,0.17273356450015023,0.3759094662827283,0.827655945712418,0.36985861655922997,1.2034997303783774,1.0490828443403608,-0.9068635436996165
34,2021,D4,14.2,2021-08-25,0.02802116798755515,0.05635194165310516,0.05964353401177653,0.12428030594193859,0.2039934718330955,0.5432330562922383,0.24732455042184454,0.685863773084187,1.2929198922136556,0.09902687440270648
34,2021,D5,40.5,NA,NA,NA,NA,NA,NA,NA,NA,NA,NA,NA
35,2021,D0,0,2021-07-07,0.023022455701522577,0.06453866948055224,0.03590782273221549,0.14544129836257494,0.33605376392551994,0.7627825718928636,0.3862154263731657,1.310211915537325,1.0949557562624241,0.013299412840653448
35,2021,D1,0.825,2021-07-15,0.020263952582476354,0.05835547231663394,0.03137466923939848,0.15733383115400731,0.39315942386744807,0.8284231216281774,0.4268454964206308,1.5529622272225605,1.055249541549532,-0.39929338871324727
35,2021,D2,1.875,2021-07-20,0.01936701984630138,0.05359266635054213,0.030411547277230336,0.1670385490405761,0.400392203981518,0.8384306366214397,0.406591786357543,1.396377771081201,1.0472301579234589,-0.5005099302350392
35,2021,D3,7.1,2021-08-02,0.023301473622785125,0.0584444095600922,0.03332283771196883,0.1898374244831638,0.42103772667338973,0.834726160185592,0.3800208882449632,1.2560443000836328,1.0432061610256895,-0.8599549280994196
35,2021,D4,16.45,2021-08-25,0.02804430650625604,0.05990397972384055,0.05714082147130139,0.15208405798779973,0.26057308869203044,0.6137754964763166,0.2602728869532135,0.7262785730515662,1.2269366678698308,0.00942435804784273
35,2021,D5,18,NA,NA,NA,NA,NA,NA,NA,NA,NA,NA,NA
36,2021,D0,0,2021-07-07,0.020605614296978526,0.056341953264417884,0.034357601293849675,0.13488478318618577,0.31390226263485305,0.7577029206624661,0.3915792873687803,1.3468557163472492,1.1046152772346658,0.0978333986770236
36,2021,D1,2.6,2021-07-15,0.019923032639302098,0.05484262361632125,0.03180803719220825,0.15091914749574475,0.37932384450383894,0.8212715389963816,0.4326178544929947,1.6024960207756296,1.0602295983779295,-0.37922286631270374
36,2021,D2,4.9,2021-07-20,0.018929691577564606,0.05400171152925515,0.03181206786912738,0.17147641196897798,0.39804527833684006,0.8328813706512548,0.39488909383263354,1.3281948808896087,1.0523440240710242,-0.43949321704179073
36,2021,D3,21.65,2021-08-02,0.022829027119162158,0.058527106477845245,0.03503825929601661,0.2062768009542892,0.4417818484911618,0.8371609088283364,0.36905588234086417,1.2022204912289118,1.0457369014897688,-0.9818120335931589
36,2021,D4,49.1,2021-08-25,0.031154300746916896,0.062229852064560234,0.06680598506575515,0.12262424876484963,0.197178578697184,0.5040742573237135,0.2421151758246366,0.675376377292106,1.3392458414287312,0.0401994087970896
36,2021,D5,81.75,NA,NA,NA,NA,NA,NA,NA,NA,NA,NA,NA
37,2021,D0,0,2021-07-07,0.02453648454512398,0.05776691647901746,0.041018242398385446,0.1400822139090757,0.3165894626369172,0.7123657412440982,0.372930870186139,1.248181903590867,1.1413492588481398,0.31838108704695484
37,2021,D1,0.575,2021-07-15,0.02065776395947918,0.057414216080235524,0.03358030676337409,0.14707727486185598,0.3617977081700604,0.7967554698019603,0.4185559439154253,1.5128736838587187,1.0776000456543053,-0.06781447157759757
37,2021,D2,2.75,2021-07-20,0.01908085954359567,0.05353835646411266,0.03287590993278524,0.17100658731720164,0.3968207123556963,0.8205217704300132,0.3920707627731908,1.3181371973244833,1.0625726507105975,-0.196439377415801
37,2021,D3,17.1,2021-08-02,0.022015559195157523,0.057560781319133114,0.03422850003444146,0.18810622636634272,0.41821424468146284,0.8332134554499214,0.3817617895444676,1.262864229293004,1.056608731125637,-0.9147740655060359
37,2021,D4,22.3,2021-08-25,0.03017063175139832,0.05987191975819211,0.06688300715327163,0.11471820063808236,0.18089721591521488,0.4625647280362055,0.23121526088937489,0.6312104770246527,1.4198016368758941,0.15350825374234195
37,2021,D5,65.5,NA,NA,NA,NA,NA,NA,NA,NA,NA,NA,NA
38,2021,D0,0,2021-07-07,0.024496994541899533,0.06516874516033476,0.04320010044627137,0.14889430023368425,0.33692486210415096,0.7188490331301811,0.3734587600338916,1.2416056465588468,1.1449680416602557,0.35157163851108686
38,2021,D1,0.95,2021-07-15,0.022202962090150127,0.06168993692790498,0.034965986022581254,0.15416477146400454,0.36975649382002373,0.7967046888245506,0.40860724695429185,1.4460477860630785,1.07591304457259,-0.1745530816640402
38,2021,D2,1.1,2021-07-20,0.02038546565283457,0.05592238998160986,0.033926183878553715,0.17813298479129927,0.4067276972255094,0.8204881616779093,0.38547460363941627,1.2844312927396009,1.061355480831645,-0.37578076043392605
38,2021,D3,6.7,2021-08-02,0.023898919500263426,0.05898878186002045,0.03347903261287701,0.18478619268920748,0.4078247323660156,0.8310272202689606,0.37997837649603616,1.2545734533806818,1.044365300917579,-0.8599796085414328
38,2021,D4,11.6,2021-08-25,0.02969163958928757,0.06141537165927489,0.06461569286946156,0.13335022725617163,0.21738714825993463,0.5265675965658595,0.2410969028465001,0.6580441115569,1.335204972022868,0.03554548426629788
38,2021,D5,25.6,NA,NA,NA,NA,NA,NA,NA,NA,NA,NA,NA
39,2021,D0,0,2021-07-07,0.02375349202158402,0.06403329202949128,0.04276755197142946,0.14629644108284134,0.33703671732718493,0.7210620057835804,0.38040873200980047,1.2898443668933692,1.1447348064478116,0.33094172130320465
39,2021,D1,1.725,2021-07-15,0.020385707916793363,0.05698300186449182,0.031870452810319486,0.14791123493269287,0.3529447835491886,0.8037040666462092,0.4055700641024669,1.4243773720761357,1.070825949035873,-0.23866341669541835
39,2021,D2,5.75,2021-07-20,0.02008451499300662,0.057203330339515364,0.03208595993935597,0.17507595797971448,0.4149821826437972,0.8331989405722567,0.4011998284964651,1.368847683667301,1.052621421679764,-0.49353541119521016
39,2021,D3,19.8,2021-08-02,0.020837121097053456,0.05540730324205259,0.02953160999862163,0.1768605081961463,0.39414144594240746,0.8413165721534289,0.38250454057866007,1.2602424882384384,1.0390357221376891,-0.5206771201297551
39,2021,D4,28.35,2021-08-25,0.0324586343642573,0.06580556133409961,0.07369123842784284,0.11797809379072864,0.17934308655800674,0.4283260218588694,0.21429522052810898,0.5638364205649993,1.4747225122267718,0.013350319124777047
39,2021,D5,71.75,NA,NA,NA,NA,NA,NA,NA,NA,NA,NA,NA
40,2021,D0,0,2021-07-07,0.02217877559393484,0.05772793419226512,0.043880260699487784,0.13379530827290692,0.2885866865252498,0.6798193630024164,0.34902142291253,1.121808012613086,1.190334796050942,0.4463134659156948
40,2021,D1,4.925,2021-07-15,0.021377202845732725,0.05585393627336882,0.035769329828223874,0.13068644755848394,0.32145920907237757,0.7630346375007733,0.415950159305697,1.5050103295866504,1.1027030721191005,0.04386341487665355
40,2021,D2,2.925,2021-07-20,0.019852134125606616,0.05373436615783844,0.03486695315271314,0.16379847172472028,0.36628291882827246,0.793466931644803,0.3733395766925247,1.2300632744400315,1.080936150586189,-0.051256961859822044
40,2021,D3,9.35,2021-08-02,0.017180779710253384,0.049301323476498564,0.028567330212600762,0.14862707753228332,0.3652903040858215,0.8334063690421751,0.42214880650442327,1.5433084304173386,1.0532583364563814,-0.6361958419855275
40,2021,D4,13.05,2021-08-25,0.030158033392054973,0.06140500066632243,0.06845816850613293,0.13016985650565865,0.2018115897655443,0.4929596902284403,0.22223297234746947,0.6005138534102323,1.3749150190404589,-0.07824890596529649
40,2021,D5,47.25,NA,NA,NA,NA,NA,NA,NA,NA,NA,NA,NA
1,2022,D0,0,2021-07-07,0.02089238441472932,0.048802161800688554,0.04060995014630651,0.12152262404852476,0.2446870792784601,0.6569093343828624,0.32211392052989685,0.9989964780506716,1.2089929746462753,0.49929140294004326
1,2022,D1,0,2021-07-15,0.020382975589187863,0.04942616659086405,0.03205623443402964,0.12173786360621791,0.2899206265498531,0.7603174832421552,0.3967210148141669,1.3809845927033402,1.0954316437997493,0.14459301966947039
1,2022,D2,0.075,2021-07-20,0.020665341854501185,0.051983532832820145,0.03630887290012232,0.14699694394807492,0.36028860113745104,0.7819582874567923,0.41005625339351504,1.454421829388968,1.0907910725428955,0.07652749480475293
1,2022,D3,2.3,2021-08-02,0.025130639786240836,0.0633464474556525,0.03448836425629986,0.19726308295440032,0.42747750459416334,0.8350754473644942,0.37165062785958014,1.231015133924123,1.0416813414639268,-0.5201193156431136
1,2022,D4,3.9,2021-08-25,0.03317172642863077,0.06795603286517762,0.06613099992457423,0.163276131635819,0.3060204498288857,0.6192177159885468,0.2999994095991741,0.9131849849934865,1.225855043362236,0.08609201069045615
1,2022,D5,11.825,NA,NA,NA,NA,NA,NA,NA,NA,NA,NA,NA
2,2022,D0,0,2021-07-07,0.022003680632548466,0.05443210331649085,0.04510647286716955,0.13273594554615847,0.2787726800364963,0.6671694016761299,0.3387557595803543,1.0722584949740588,1.2029963752913435,0.43835034298455283
2,2022,D1,0,2021-07-15,0.019017549650223953,0.047920837833968694,0.029241721932253977,0.1168986432673207,0.267757640025505,0.7610975779711052,0.3815743924816468,1.2858749284789117,1.0898368301759083,0.0458092648807521
2,2022,D2,0.4,2021-07-20,0.021543151780551443,0.053980969214347016,0.038320959210734286,0.15269892883845776,0.37279465587849603,0.7756811335318047,0.409006809613774,1.4399732890454422,1.0930755195009485,0.13240196806184676
2,2022,D3,10.9,2021-08-02,0.025105672058707326,0.06159803101192963,0.035646694722829476,0.18424604418842327,0.39293184479584564,0.8109584737751119,0.3607707880433034,1.1773175532810054,1.0549526223432553,-0.4577592358110058
2,2022,D4,27,2021-08-25,0.03559652202576074,0.06614677077832065,0.07592767013490138,0.13152867739655108,0.21433333926088213,0.4807597219475934,0.2449726143984129,0.6723946728729637,1.3666526807245276,0.02647753822142051
2,2022,D5,34.9,NA,NA,NA,NA,NA,NA,NA,NA,NA,NA,NA
3,2022,D0,0,2021-07-07,0.022556183912096895,0.05711344714883634,0.04411843248685968,0.1383896298763591,0.2971490085140001,0.6880898012704968,0.34814462746083086,1.1165161564060633,1.181832123868988,0.4072417551874481
3,2022,D1,0,2021-07-15,0.019674388395697892,0.0490312668018915,0.029052718372851404,0.1239710851779259,0.2874765966332322,0.7748026791686263,0.3851904841226728,1.3121339859368926,1.0806258653374752,0.02821563246179182
3,2022,D2,1,2021-07-20,0.020673446245461698,0.05449944691022228,0.037399984061615904,0.15594584718473267,0.3971302849553277,0.7953697578142437,0.4269298425963623,1.5577238935732887,1.084938612605052,0.061999574163392454
3,2022,D3,11.85,2021-08-02,0.024583100372272564,0.06176597874492993,0.03476931583983366,0.19765955784597655,0.4174476756901234,0.828002809712202,0.35867992036969515,1.1628946381906866,1.0459941619082556,-0.5744413976083776
3,2022,D4,30.4,2021-08-25,0.037806395930481976,0.06896098568301366,0.08072512489944755,0.12491452182813445,0.20231596521142137,0.4538598090406878,0.24888635485593077,0.689790823779984,1.3999209006381619,0.03886983558524345
3,2022,D5,43.6,NA,NA,NA,NA,NA,NA,NA,NA,NA,NA,NA
4,2022,D0,0,2021-07-07,0.021874614844586495,0.056174083933992404,0.042874717699644446,0.1365349918512479,0.2917336201846757,0.6953013025750472,0.3481033281749162,1.1116723908238964,1.1697153406216052,0.3786825646742485
4,2022,D1,0,2021-07-15,0.01963094329953892,0.04868798162062401,0.03043498674743878,0.131266485887497,0.31070010123683867,0.7820181836070957,0.39789288454275507,1.378507219366817,1.0793699350938926,0.027410644042960772
4,2022,D2,2.85,2021-07-20,0.021324285267606317,0.055938774089490884,0.03814747711225706,0.15592948956102284,0.38948385357113735,0.7920895425161442,0.42042944293733375,1.4995324191641533,1.0825754711141273,0.04675895027730639
4,2022,D3,26.65,2021-08-02,0.027484648464431393,0.06946836777316884,0.043632579071301296,0.23181812515381386,0.4706403956950914,0.8123663438853422,0.3418064087514944,1.0764829363891155,1.063901211867207,-0.5624987734705067
4,2022,D4,37.6,2021-08-25,0.03273967382174112,0.06385213777437447,0.07184862168257354,0.122043048982785,0.20692847668930703,0.4991206886192157,0.26469524192280364,0.74844662480474,1.3466721228407126,0.05124495212118432
4,2022,D5,59.35,NA,NA,NA,NA,NA,NA,NA,NA,NA,NA,NA
5,2022,D0,0,2021-07-07,0.022960740097045493,0.058178114130418124,0.04563810998155348,0.1391187107932214,0.2921267592646253,0.6801860524302461,0.3393279896547531,1.075473216285643,1.1831138557591894,0.44505296477646367
5,2022,D1,0.25,2021-07-15,0.02113099837241825,0.05204240748331483,0.03232802998746479,0.1335987709928392,0.3020882617364438,0.7639989962367874,0.3756051462687672,1.2548894852701613,1.0870830072066016,0.150216009510792
5,2022,D2,1.425,2021-07-20,0.02137609440956277,0.05544645798865101,0.039411562986637276,0.15355040367738534,0.37456658871361753,0.7752996388379756,0.409456362715219,1.4469040550338308,1.095501192171673,0.12951381626200018
5,2022,D3,9.6,2021-08-02,0.027478311815836775,0.07332335463543302,0.04389518257606215,0.22640006063180243,0.4458780840702042,0.7968273081587952,0.3272567130205246,1.0193596789431225,1.0744471702477798,-0.3103782429989433
5,2022,D4,27.15,2021-08-25,0.03340376651397682,0.06654732201775167,0.07474162104123296,0.1302465917746575,0.21491860694629047,0.4934244108194941,0.2531492317675372,0.7062527563260682,1.353491088540416,0.04580862110362603
5,2022,D5,43.3,NA,NA,NA,NA,NA,NA,NA,NA,NA,NA,NA
6,2022,D0,0,2021-07-07,0.022675594160587974,0.05957335322757795,0.042138275850866644,0.14203907194019974,0.30820786158907465,0.7142905034908165,0.3568939534662546,1.1581653838860837,1.1497398427668966,0.30651449446803614
6,2022,D1,0.078947368,2021-07-15,0.020485883985911356,0.05105246681267657,0.03119703677985116,0.14115131799500144,0.3349992921576961,0.791895910413381,0.39757571085302923,1.3748307220139007,1.0741665749413045,-0.0794766912251848
6,2022,D2,0.35,2021-07-20,0.021732530962083055,0.05606451632982359,0.035810728836031556,0.16000262892166367,0.398239907142621,0.8091809093620173,0.4198103551960497,1.493574254480336,1.0698024902503618,-0.16733123806946668
6,2022,D3,8.5,2021-08-02,0.0252191169901756,0.06154771835910466,0.036004361051323756,0.20197805447449999,0.42879342155074257,0.8282890984293457,0.3619902792880908,1.1817976806020432,1.046306215804763,-0.64989803359413445
6,2022,D4,16.5,2021-08-25,0.03576925227844419,0.07247604552175181,0.07037802876017708,0.17312855998624144,0.3140636579732975,0.6212679741201304,0.2859255658044552,0.8448268252695198,1.2371373596414494,0.11184626092258328
6,2022,D5,22.95,NA,NA,NA,NA,NA,NA,NA,NA,NA,NA,NA
7,2022,D0,0,2021-07-07,0.023606691319765706,0.0599942454517881,0.04294853406251862,0.14332182513128955,0.3103642276289111,0.7052194054808997,0.35283546542716193,1.1404401022987911,1.158901254631951,0.22357257777120026
7,2022,D1,0.05,2021-07-15,0.022431737249440517,0.056746700314655556,0.03130302151432367,0.14615491649108817,0.36745052511727927,0.8055775251097537,0.42015418233459645,1.5042189020800651,1.0585178073451422,-0.2078983832777519
7,2022,D2,0.525,2021-07-20,0.01983959844719843,0.05239146759371982,0.03299101984358602,0.15565167983601016,0.3980271184929658,0.8196373723811872,0.429525645740773,1.5547876602011335,1.065487761775629,-0.29137129936881057
7,2022,D3,9.5,2021-08-02,0.024348670019040897,0.06283112975032572,0.03451642034472996,0.20812858634588258,0.4614012864727572,0.8472470313896446,0.38255180234355163,1.2882046979782953,1.0390402128090763,-0.8562301124216426
7,2022,D4,25.7,2021-08-25,0.0297504818250553,0.05792985094878423,0.06628184348536278,0.13421738453470355,0.23452085770151151,0.5560935586912775,0.2760420581094516,0.792368188075165,1.2950753134343518,0.0697294938624234
7,2022,D5,35.35,NA,NA,NA,NA,NA,NA,NA,NA,NA,NA,NA
8,2022,D0,0,2021-07-07,0.023642311631485037,0.06191251362100773,0.04298428898832265,0.14831991812833398,0.3220374675280249,0.71636649982175,0.35602438837682937,1.153831371530378,1.148875830386801,0.21173498335630317
8,2022,D1,0,2021-07-15,0.021870138157787607,0.05383426522249851,0.030433779180698846,0.14019858218935244,0.3415687108112572,0.797796964798861,0.40831095034908726,1.431302366418912,1.0608032526452071,-0.1346557992453047
8,2022,D2,1.125,2021-07-20,0.019588863015763826,0.05078258716339354,0.03284344355764567,0.15299046470510094,0.3931336742374569,0.8197848959891266,0.43264711638268133,1.5787544904235153,1.0622662782005494,-0.2423790190993261
8,2022,D3,14.5,2021-08-02,0.025300215023154216,0.05947328491566706,0.03604092532362353,0.20657953393618375,0.43645783503260066,0.8318661672840966,0.3616866824065555,1.171456837636451,1.0436901580563134,-0.7183310743569694
8,2022,D4,31.65,2021-08-25,0.037656774649351084,0.07335121445628418,0.08514251922412364,0.13331633020221392,0.20881200456235277,0.4441819080653444,0.23136775451602415,0.6194195663902572,1.4372272184868085,0.14435250045432918
8,2022,D5,58.4,NA,NA,NA,NA,NA,NA,NA,NA,NA,NA,NA
9,2022,D0,0.025,2021-07-07,0.02427710131438739,0.061393735574716904,0.04394926980728592,0.1444968389196187,0.308585061647948,0.698530424524915,0.3476681184205942,1.117134724352992,1.1632746088440564,0.2623829016556792
9,2022,D1,0.05,2021-07-15,0.02188458579150438,0.054441947510991975,0.029638699889471935,0.13653803275588422,0.33856066238717814,0.8036543198689972,0.41637333686777317,1.4784582591899464,1.0551242189012413,-0.25101486253321836
9,2022,D2,0.3,2021-07-20,0.021439528873706103,0.05433168981087567,0.03362620049911161,0.15594278535131204,0.40892185993654295,0.824276251931495,0.441315146950147,1.6324658284031213,1.0561764260945297,-0.4109303033191531
9,2022,D3,6.2,2021-08-02,0.023230384487108117,0.06380880250549167,0.03683221077255617,0.21066913298379575,0.4795214136515263,0.842205895850148,0.39253820457631317,1.3420359698569433,1.0491362384238936,-0.7612609133125466
9,2022,D4,14.4,2021-08-25,0.03487980529082358,0.06780984731846951,0.07374641714366528,0.14840528058255414,0.2625147243059334,0.5622498498943321,0.27991919939023224,0.8111977727347104,1.2789367781394083,0.11609574190758257
9,2022,D5,24.3,NA,NA,NA,NA,NA,NA,NA,NA,NA,NA,NA
10,2022,D0,0.05,2021-07-07,0.0234365684798309,0.059591319343218374,0.04362132681108275,0.1444027335288083,0.31312519093400226,0.6988392422804621,0.35153433476274926,1.1415593899055216,1.1685042424992182,0.3357828096650125
10,2022,D1,0.25,2021-07-15,0.020529557130589633,0.05020432239648498,0.029733882235353965,0.1338568884870543,0.31857845701442133,0.7882094004868867,0.3981184883231217,1.3782597716052298,1.0713870969497623,0.0205864547810572
10,2022,D2,0.875,2021-07-20,0.02108184641537474,0.05315596648031893,0.036299273271383,0.16159350058727592,0.40612884891046286,0.8110456757198587,0.42220966099004076,1.5091684297156411,1.065504092488185,-0.16969125206822233
10,2022,D3,16.2,2021-08-02,0.024569603122638946,0.05829370257082023,0.03337979694814685,0.20354885105383855,0.4674466998187812,0.8522271756333112,0.3940105886835799,1.3324810731226466,1.0311383933212042,-0.9329644398080859
10,2022,D4,46.75,2021-08-25,0.03244729766331741,0.06243503227354476,0.07069394830016472,0.13318807181900816,0.2240196633478859,0.5263451385250232,0.2603763730681003,0.7298258245894331,1.3243421376322138,0.06984817107725348
10,2022,D5,65.25,NA,NA,NA,NA,NA,NA,NA,NA,NA,NA,NA
11,2022,D0,0,2021-07-07,0.02282100276455048,0.05970168223545373,0.04427105209949365,0.14320501179447245,0.3003495828697592,0.6909050822159737,0.3404127109786782,1.0743886253196817,1.1784685446577812,0.3831091051871136
11,2022,D1,0,2021-07-15,0.0185980025249059,0.05052206172352945,0.031058537106114066,0.1318898438503682,0.3058316683864208,0.7805915966215947,0.392277384961947,1.3566258673410796,1.0907179106744231,0.025017020054392523
11,2022,D2,0.15,2021-07-20,0.021076383463828178,0.05629455676185885,0.0369002186806977,0.15724434410560165,0.37621026137744706,0.7876093161072629,0.4011143089784575,1.385441868499312,1.0859170413964376,-0.04831534313195452
11,2022,D3,12.125,2021-08-02,0.02227491755425196,0.05626305679157328,0.0340262002700782,0.19247621619534877,0.40873794040009737,0.8252356308426618,0.3618694266327746,1.1790729335530987,1.053370572129843,-0.47021344376319707
11,2022,D4,18.9,2021-08-25,0.03220764338020569,0.06421227059087223,0.0735843250379194,0.13056105249116237,0.212610294646614,0.4872964772386114,0.24163318138061268,0.6602580034094795,1.3939859963703671,0.16351823194747914
11,2022,D5,32.65,NA,NA,NA,NA,NA,NA,NA,NA,NA,NA,NA
12,2022,D0,0,2021-07-07,0.022290884497116338,0.060343720082595635,0.0429655311576603,0.1441267411796176,0.30375921333021316,0.6985894123755295,0.34248548402255385,1.080121516648426,1.1710072911386127,0.3004619363181852
12,2022,D1,0,2021-07-15,0.01981701956340857,0.053488235731252096,0.032882781380142376,0.13223806014798126,0.30222704140191065,0.7638126646792291,0.38191669060994893,1.2891364879697966,1.1000600657831534,0.0061431868503030425
12,2022,D2,0,2021-07-20,0.021781055551657144,0.05907054836345319,0.038678154299067895,0.1628041031518833,0.38818849000987776,0.783511510024198,0.39863137693217376,1.3605557099560046,1.0873273412437277,-0.095364584627628
12,2022,D3,10.65,2021-08-02,0.025233032694441323,0.06403574764388423,0.03893872349251986,0.1969020846054055,0.411020978722963,0.806132133142325,0.3530706780473398,1.127406365401761,1.062790941573238,-0.49193242105524054
12,2022,D4,24.725,2021-08-25,0.03148391691294862,0.06400177110442246,0.06896637076313195,0.14659707112215858,0.23890439068556274,0.5390937518175138,0.23991816760601037,0.6482139259510323,1.3049434476591737,0.05401536337597089
12,2022,D5,17.2,NA,NA,NA,NA,NA,NA,NA,NA,NA,NA,NA
13,2022,D0,0,2021-07-07,0.02211413375895872,0.06289556360788091,0.04265935745590247,0.14935794380194858,0.31750875595711164,0.7124581893056434,0.3477512342917868,1.1075914658931256,1.1606220211222047,0.3637140070775556
13,2022,D1,0,2021-07-15,0.020006170216080237,0.05614472348447336,0.03134367934220999,0.14027445336360944,0.3260599527613008,0.7887920983830006,0.3904000319306242,1.3329724353028203,1.0792617661378463,-0.06867047558245173
13,2022,D2,0.75,2021-07-20,0.020479918183424105,0.06098736079115578,0.03665144094072729,0.16917269145748545,0.41589302532266814,0.8096072334652066,0.41358059319924567,1.4496962866508016,1.0746838697019074,-0.15083105097794416
13,2022,D3,7.1,2021-08-02,0.024315068705130543,0.06981933317801295,0.03149349050157271,0.20806596809308361,0.44001681390843167,0.8538961758995153,0.36086090866265286,1.1642643317504744,1.0304279044147147,-0.9219435727439383
13,2022,D4,16.5,2021-08-25,0.031672026293210455,0.06808206437681152,0.06547172150793368,0.17511766037306475,0.3086364858836498,0.6280323486770515,0.2732816561717209,0.7777530281604125,1.2156102019349766,0.008994668948148835
13,2022,D5,12.25,NA,NA,NA,NA,NA,NA,NA,NA,NA,NA,NA
14,2022,D0,0,2021-07-07,0.023114898376451427,0.05985613940561285,0.046189467898410594,0.1392655068533049,0.2849417228789928,0.676337862295246,0.33149236058823833,1.0232721141968084,1.1888807248384903,0.4442368504298097
14,2022,D1,0.025,2021-07-15,0.02095564383336017,0.05658478660581918,0.03321927592720423,0.1439912812700113,0.3291101776386155,0.7828250390262462,0.38357184154735696,1.2906723107931337,1.0807140581215697,-0.04508038765715764
14,2022,D2,0.631578947,2021-07-20,0.021297172686368816,0.05862934879067451,0.037365445967755095,0.16078253314487695,0.3928958491642888,0.7985510358120768,0.41272677746613234,1.4437109882514425,1.0763378048427852,-0.10124776498217072
14,2022,D3,14.1,2021-08-02,0.027216983141691804,0.06959043221094124,0.040737383995505576,0.2240817109266778,0.4563009479846147,0.8229697460752582,0.34632801951259845,1.087822168019962,1.058747142383197,-0.873486558196919
14,2022,D4,46.1,2021-08-25,0.033201069924460064,0.06398255082169675,0.07626774085566503,0.12721212211311747,0.19495133274392965,0.45000804381716236,0.21549650457674638,0.5605547796454735,1.4254628011557064,-0.2514779990143995
14,2022,D5,53.8,NA,NA,NA,NA,NA,NA,NA,NA,NA,NA,NA
15,2022,D0,0,2021-07-07,0.022375835231898577,0.061179920347931196,0.041500244233228845,0.14629043572197958,0.31178259024346,0.7198423733609683,0.35042468034114904,1.1150447954112384,1.1467095667604996,0.24863497029285261
15,2022,D1,0,2021-07-15,0.022372605020327608,0.05968789572593058,0.033533452133571826,0.1488490543343551,0.34708701681443643,0.7903655520935832,0.3917954999843402,1.3350544364644499,1.0734516223910902,-0.13984438347347486
15,2022,D2,0.575,2021-07-20,0.02194515329609887,0.061279316591505935,0.03643290908078198,0.16344086910330757,0.4002293098269731,0.8077605952493834,0.414673884972085,1.4500551946610751,1.0682232649841017,-0.24951941233620542
15,2022,D3,7.55,2021-08-02,0.02798404756064866,0.07293050813461209,0.04063068605605504,0.2243523585293668,0.4512954712789296,0.8183377655617647,0.3413659361407415,1.0703625697948211,1.0509691667841814,-0.45800228075147964
15,2022,D4,19.575,2021-08-25,0.031557785549496564,0.06765107094534219,0.06388104785806546,0.16403560289166622,0.2689752512504198,0.601846568212375,0.2430514635309755,0.6562813005179521,1.2237028766091245,-0.02695606589431654
15,2022,D5,11.15,NA,NA,NA,NA,NA,NA,NA,NA,NA,NA,NA
16,2022,D0,0,2021-07-07,0.020861325829098543,0.058709568516481854,0.03996187177342611,0.14128532011104702,0.3017970074940487,0.7235433325638898,0.3521370046483111,1.1250962753757419,1.147408805571975,0.301009615366666
16,2022,D1,0.075,2021-07-15,0.021009176262281447,0.05998821938861354,0.03180204366095271,0.15602998873964022,0.36433334229321995,0.8096700276919122,0.39410803924091864,1.3428199242756436,1.0639345020185127,-0.3200177751092811
16,2022,D2,0.75,2021-07-20,0.020976215895564886,0.06260347538764137,0.03316698187545086,0.1759698932660897,0.4279086226960494,0.8375735169525571,0.41462027863734413,1.44307451420622,1.0501961429891062,-0.537894215083963
16,2022,D3,13.65,2021-08-02,0.023623521010808498,0.06819463323322883,0.033884987577272395,0.22254831494941546,0.45849495451459976,0.8516508686077952,0.35366123540465755,1.12454601682724,1.0361211880917627,-0.8471248175575983
16,2022,D4,34.8,2021-08-25,0.030493058194171054,0.06404962695503728,0.0658574253347727,0.14909127859292215,0.24486509006696464,0.5740527471963573,0.2454515166333581,0.6699439042975024,1.264780888289411,0.028018217218541613
16,2022,D5,41.25,NA,NA,NA,NA,NA,NA,NA,NA,NA,NA,NA
17,2022,D0,0,2021-07-07,0.02132974855184999,0.05750314101899913,0.039892175810071595,0.1370613897193915,0.295613456937276,0.7157179174503924,0.35507981052521026,1.1420617141742126,1.1539740977095931,0.34119340094209716
17,2022,D1,0.1,2021-07-15,0.02181142806284255,0.05995074560205537,0.032434772570422495,0.1516184378557678,0.35876937168621265,0.8000431163113546,0.39886707254491954,1.3698651455954864,1.0681732976243414,-0.1140547795460883
17,2022,D2,0.6,2021-07-20,0.020820446402039026,0.0596832783947518,0.03347267230883418,0.1692592419766643,0.41943610106745843,0.8302574542701224,0.419366393074524,1.4756373060196422,1.0544881331476386,-0.3193034280912128
17,2022,D3,12,2021-08-02,0.02337971203960478,0.062355142281891145,0.032121667159182216,0.2017982490663183,0.44409839288327096,0.8520045546200129,0.37710442697284996,1.2452049969258983,1.0357469156508803,-0.8700951547563851
17,2022,D4,34,2021-08-25,0.03252230183482848,0.0638461091297548,0.06648973792853523,0.13752811947402013,0.22439451663803772,0.5383072691211188,0.24208999057344768,0.6564856741110481,1.2983168064722725,0.0010159223077330546
17,2022,D5,34.35,NA,NA,NA,NA,NA,NA,NA,NA,NA,NA,NA
18,2022,D0,0,2021-07-07,0.02188218718806057,0.05869400800956324,0.04093411798049702,0.14137982250510966,0.302336755899024,0.7115535479350596,0.3503842085804408,1.118671784269258,1.1580020887954525,0.32563499811703506
18,2022,D1,0.1,2021-07-15,0.02132649342738478,0.057068438555670134,0.030897490688173827,0.14719232366306373,0.34481226976618345,0.8004531613024517,0.39269738509809116,1.3478593614195757,1.0661370007920017,-0.14783130195561853
18,2022,D2,1.425,2021-07-20,0.020521101222071486,0.058551880597814146,0.032851827369373414,0.16679461960918202,0.4183310785112601,0.8334914825966359,0.425292246710257,1.5209923317764995,1.0516774373583848,-0.30294254613096283
18,2022,D3,17.2,2021-08-02,0.022662826477641843,0.062172266123905806,0.03157510922137129,0.20270046225465616,0.4475631335438833,0.8549204199495674,0.3785744948387033,1.253492808311204,1.0358220644203369,-0.7559168261685135
18,2022,D4,50,2021-08-25,0.02987871621482921,0.05902406542257567,0.06794822120861696,0.12513367249855598,0.20401133644224712,0.5055839237767276,0.24319904988057375,0.6654888784975816,1.3609097811417252,0.04340790119408071
18,2022,D5,78,NA,NA,NA,NA,NA,NA,NA,NA,NA,NA,NA
19,2022,D0,0,2021-07-07,0.022603187242301984,0.05975365999054198,0.04357306842443875,0.14290671521935597,0.2992025021916137,0.696297817019117,0.3402171446094348,1.070942971867468,1.1771607901472767,0.39810832137540925
19,2022,D1,0.025,2021-07-15,0.021598941058895288,0.0575334754695153,0.031147981910912257,0.14166456888307746,0.33025511022715637,0.7919106905802415,0.39145127914934436,1.3304156612269553,1.06931814328719,-0.125423042383604
19,2022,D2,1.225,2021-07-20,0.021184062666743015,0.059527718552707706,0.03409332590210946,0.1669940788838779,0.41646792560900225,0.8290410861735796,0.4224323615833422,1.4934347772187246,1.0533007543287258,-0.35812892932564644
19,2022,D3,16.65,2021-08-02,0.023664507861804532,0.06000657723081747,0.033218984397424454,0.18946316130971658,0.44014436865838047,0.8441076683629314,0.40015588983958655,1.374169657463377,1.0422222300538133,-1.0814628753456503
19,2022,D4,30.15,2021-08-25,0.03446312315776787,0.06983648509080428,0.07757790432424905,0.14470334973972354,0.22997565218103058,0.5042939248015672,0.23103438792763073,0.620002226438093,1.3852639963661646,0.20626545310864397
19,2022,D5,86.75,NA,NA,NA,NA,NA,NA,NA,NA,NA,NA,NA
20,2022,D0,0,2021-07-07,0.023508877506114637,0.05890453039065808,0.047592968713421904,0.13688859838038142,0.2807071748999009,0.6557863871197727,0.32765723983406225,1.0246774049602934,1.2226243639608876,0.5812196925031308
20,2022,D1,0.3,2021-07-15,0.022663772563781735,0.05830423488569326,0.03712529554521495,0.14819536828109192,0.3369566694245867,0.7581284653572069,0.3783656987023231,1.2723543362392367,1.104388301888353,0.14232269457449198
20,2022,D2,0.225,2021-07-20,0.022863273884834598,0.06025028946799139,0.03771215100499788,0.16741884954432495,0.41057333369142063,0.8133904709591854,0.414680408368762,1.452372521414568,1.056663630531995,-0.18526152539969348
20,2022,D3,13.6,2021-08-02,0.023777711025954527,0.05588091658323068,0.03341388432915405,0.17942885876940023,0.4061702183131191,0.8257591661297722,0.3845869415299783,1.2930730337841159,1.0476568498154064,-0.4141809408381047
20,2022,D4,22.5,2021-08-25,0.03227812172841976,0.06842014248858765,0.07143897859931454,0.16607767023175238,0.2665646778314989,0.5637742681770541,0.23092027109812197,0.6216048468554471,1.3041216381418685,0.14434190348155587
20,2022,D5,23.3,NA,NA,NA,NA,NA,NA,NA,NA,NA,NA,NA
21,2022,D0,0,2021-07-07,0.022187066079112104,0.05638866630121427,0.04349103161806539,0.13418877394040488,0.28197668217972005,0.678026152210604,0.34417174345969076,1.0917439699330722,1.1873055781125554,0.5261465375377359
21,2022,D1,0,2021-07-15,0.020157310113344106,0.04875384450308642,0.03535302199068541,0.12015034218329505,0.27171066316707454,0.7356596132206488,0.37993533326898443,1.2872960332105052,1.1200030689513363,0.24274055617837428
21,2022,D2,0.9,2021-07-20,0.024181768853400523,0.061438541733849224,0.04705646998818957,0.1632921294250651,0.3503712558912005,0.727003322281321,0.3567379702559615,1.1368177268834017,1.1306603813420268,0.2412537372738888
21,2022,D3,12.65,2021-08-02,0.024494897589422145,0.05809190630626666,0.042984898508724265,0.17842452552602447,0.3147829745866668,0.729930441204577,0.27959845303088704,0.8095929939858358,1.115223458993366,0.005691116550124757
21,2022,D4,19.05,2021-08-25,0.033982874950429585,0.07115492144037248,0.07250453362581115,0.13894411789948563,0.2177166743444352,0.5067603422951903,0.22606226976239513,0.5981403689054652,1.3375264787222012,-0.19617713065270373
21,2022,D5,37.25,NA,NA,NA,NA,NA,NA,NA,NA,NA,NA,NA
22,2022,D0,0,2021-07-07,0.022755581888672733,0.05684062487085276,0.04544145035136672,0.13391346787567474,0.27537678361878365,0.6666546626702494,0.3337415758576336,1.0412628718151196,1.199818531016952,0.5088588229648063
22,2022,D1,0,2021-07-15,0.0216545153239786,0.05001697880243497,0.03766276211190937,0.12150137194468633,0.26704880558044747,0.7155948012129774,0.3650532610568227,1.1995585475766735,1.1311784528526099,0.2966248438640705
22,2022,D2,1.75,2021-07-20,0.02357276427833484,0.057389553911434056,0.04634504906707617,0.15836903026620142,0.3343388934033026,0.7189932454576542,0.34829890910717426,1.092332473591828,1.135407476674882,0.22402512037307626
22,2022,D3,8.775,2021-08-02,0.027317990187664794,0.059880431198840234,0.04708922401424751,0.1774981649242768,0.33505448884845934,0.7195766848837292,0.305542927607987,0.9136159652319672,1.1248917008697923,-0.02458783042885487
22,2022,D4,16.3,2021-08-25,0.02865668564015737,0.06429306158354073,0.05747477359805925,0.15747160215568187,0.25906842153459225,0.6237296717663913,0.24317008841961316,0.6564541138235583,1.1965768065575555,-0.11394084027271846
22,2022,D5,21.15,NA,NA,NA,NA,NA,NA,NA,NA,NA,NA,NA
23,2022,D0,0.025,2021-07-07,0.02272741724113483,0.05738842736054432,0.04389309987965738,0.1379282697130077,0.28730497478991834,0.6838893452832591,0.3418451099761281,1.0772730700937492,1.1790340367361694,0.39704536804066526
23,2022,D1,0,2021-07-15,0.022658016037228335,0.05245606460851105,0.03529764040493402,0.13281225687657724,0.30069811292977716,0.7540973306456501,0.38027484919463345,1.2711511389470502,1.0951532242952482,-0.022457002483578088
23,2022,D2,0.95,2021-07-20,0.022516008059423363,0.05564379792659727,0.04242904164443159,0.1626544658273321,0.3609010878122764,0.7562440383072999,0.3706427623942597,1.207476013209314,1.108038915169001,-0.06513353647374616
23,2022,D3,19.2,2021-08-02,0.026190827326392805,0.057447558114914817,0.03728375633745145,0.1842602651618807,0.3627074014451442,0.7868434312381059,0.3266339750475075,1.001675733277854,1.06433554325296,-0.45275573211800013
23,2022,D4,55.5,2021-08-25,0.030212900697041037,0.06066010843883974,0.0666622705407,0.13848701012257808,0.21701728223352676,0.5271642887097959,0.2225675226940656,0.5855172051221322,1.3166959677493526,-0.15619194321949093
23,2022,D5,85.75,NA,NA,NA,NA,NA,NA,NA,NA,NA,NA,NA
24,2022,D0,0,2021-07-07,0.02140498047380659,0.05666796204390855,0.04005206692188088,0.13706567755697815,0.29376091256427256,0.7116083921244606,0.3544428839765433,1.1437437100960943,1.1526365455955672,0.40365150290029683
24,2022,D1,0.025,2021-07-15,0.020515253501529402,0.052132574924383564,0.032687525184108474,0.13826416312801984,0.32562374836635405,0.7833498326531477,0.39576190130258654,1.3672314753575583,1.0813310306629393,0.05394925521316329
24,2022,D2,0.875,2021-07-20,0.02082984855258637,0.054937885831383926,0.03747857895945505,0.15819950142409792,0.3747444050018639,0.7851167395322864,0.3976250529174562,1.3581943300921486,1.0884487392403557,0.009060770946587441
24,2022,D3,4.275,2021-08-02,0.025819653715444008,0.06053501702192642,0.03775902213405782,0.19141006253802817,0.3971750034264072,0.8019641276111891,0.35183804541293745,1.1278397284828745,1.061822016915012,-0.7375545901331511
24,2022,D4,10.55,2021-08-25,0.029675866582132924,0.061583390679118555,0.06095243996236472,0.15008689337395806,0.24656463160375902,0.5848672680744744,0.24165361999237894,0.6572800774000214,1.2700451980432108,0.1313856963489787
24,2022,D5,14,NA,NA,NA,NA,NA,NA,NA,NA,NA,NA,NA
25,2022,D0,0,2021-07-07,0.020861863952004532,0.05736771745310225,0.038071911163985415,0.13984995732441996,0.29911223111958185,0.7290118349663064,0.3560800696632044,1.1446111742805216,1.1352573006926348,0.1922804964539523
25,2022,D1,0.15,2021-07-15,0.021287516935819914,0.05645641128180106,0.03279427513332218,0.14833818789725128,0.35014623651291216,0.7989040219281961,0.4000442102263665,1.3914122099583712,1.0686199596375179,-0.19998354087483305
25,2022,D2,0.775,2021-07-20,0.020739718430936083,0.05667053926648563,0.03645774730994324,0.16738177824429015,0.39378310361541213,0.8025925551637955,0.39773670313801374,1.3492680485721877,1.0745663010532687,-0.2128007021730204
25,2022,D3,13.6,2021-08-02,0.02561498518891117,0.06698111921454532,0.04009003399200339,0.2271989737653195,0.4421287933319794,0.8138777982756011,0.32786213249131385,1.0184009734120227,1.0564834001925136,-0.5740803039096705
25,2022,D4,54.3,2021-08-25,0.028846450662966015,0.05705890819410142,0.06533360235512127,0.12029127669805191,0.18699822781709802,0.4882257797518728,0.2250774935023759,0.6019301719206268,1.3703593868644701,-0.005195640495169156
25,2022,D5,68.4,NA,NA,NA,NA,NA,NA,NA,NA,NA,NA,NA
26,2022,D0,0,2021-07-07,0.020157547062485303,0.054231159999131744,0.03848824340100785,0.13112026319867476,0.2787107491156573,0.7109046645937876,0.3537186275324196,1.147418340436562,1.1541731839038563,0.37412852254548246
26,2022,D1,0.025,2021-07-15,0.020954899254433088,0.05585342439464733,0.032718934675216034,0.1444677152551664,0.3498758316830615,0.7997719131601811,0.41131917451177546,1.448276361540197,1.0691238286662046,-0.08124797459654781
26,2022,D2,1.175,2021-07-20,0.020249986502243477,0.05755859334794882,0.03581589648658612,0.166256115368732,0.4091635495078529,0.8133004319369008,0.4166660424815868,1.4664407073973034,1.0702998542836473,-0.21440202191475294
26,2022,D3,14.775,2021-08-02,0.024007033506231092,0.06453540414177038,0.035254907345333,0.2070071485837485,0.44434887004153584,0.8351463558741654,0.370770106931134,1.22849682524537,1.0446797317829033,-0.7155234902939225
26,2022,D4,35.15,2021-08-25,0.032767044180732306,0.06359781325511785,0.07456906593156883,0.12513662882802012,0.18919889738488757,0.4570188961870063,0.2115906408871041,0.5535844256525396,1.4445113681340649,-0.030885031710745893
26,2022,D5,81.25,NA,NA,NA,NA,NA,NA,NA,NA,NA,NA,NA
27,2022,D0,0,2021-07-07,0.021930676181203798,0.05637151933420381,0.039961712798767854,0.130619264442768,0.28346469463210616,0.7008748517725125,0.35785444425521606,1.1670433502771165,1.1643718714221316,0.21921957686803556
27,2022,D1,0.075,2021-07-15,0.021852060622324792,0.056821433014720986,0.03272919048947489,0.14171554796888802,0.3463017255098828,0.7920994650269638,0.41094691360622976,1.4574949906888863,1.0710435407246384,-0.204941249473175
27,2022,D2,0.575,2021-07-20,0.02082344923776156,0.058142763513432824,0.03632322149052575,0.16630192162090043,0.4077441723758556,0.8067838382447543,0.4127645123225966,1.4447817357952846,1.075076133623257,-0.2931720786863684
27,2022,D3,10.625,2021-08-02,0.021580474883452196,0.058051696342827,0.027766233812875244,0.18735615664559585,0.43078335625790987,0.8663874551865115,0.39843678579314135,1.3590637411269475,1.0246739464828845,-1.0858622821667478
27,2022,D4,17.65,2021-08-25,0.02708242078352415,0.0599990739615574,0.057667937105287156,0.1504990499579037,0.24503368740476222,0.5946146831739039,0.23743694581509348,0.642878086212019,1.260061921433601,0.0416937059215949
27,2022,D5,18.35,NA,NA,NA,NA,NA,NA,NA,NA,NA,NA,NA
28,2022,D0,0,2021-07-07,0.022148654635626118,0.057254529133261595,0.041776717947557857,0.13315106459515993,0.2830351031546686,0.69142917893291,0.3488766190232624,1.121158594932521,1.1801032424015656,0.2670115421275066
28,2022,D1,0.05,2021-07-15,0.022029717887235806,0.05714222009430958,0.03436179620111462,0.14617139150421832,0.34417857369984034,0.782569201962749,0.3957798752878774,1.3665155041574704,1.0816350549853904,-0.1793357878659614
28,2022,D2,1.175,2021-07-20,0.02130630914294375,0.059522629197864094,0.0373312539811456,0.16917121216016326,0.4058952225518351,0.7983298265645488,0.4039077663542031,1.3892259339046527,1.0800704689137066,-0.0064584782133628345
28,2022,D3,10.15,2021-08-02,0.021827444121077014,0.05941714539573329,0.029589241190890292,0.1884719457358708,0.41824718473113576,0.8503351054017747,0.38070112376364684,1.261550330811637,1.0343842752881764,-0.7847178420713271
28,2022,D4,31,2021-08-25,0.027660028100121865,0.05688757935773853,0.06456498213190405,0.12805798068843435,0.20019659053856229,0.5069555628155331,0.22060311926332143,0.5872713226159203,1.3769948599291646,0.12080258024118863
28,2022,D5,41.55,NA,NA,NA,NA,NA,NA,NA,NA,NA,NA,NA
29,2022,D0,0.05,2021-07-07,0.02122350382291625,0.05473365566472792,0.041936756492472256,0.12957531276441642,0.27374503632363417,0.6830712282979737,0.34633462883608956,1.1068451629328016,1.1834830753484435,0.39212222665821
29,2022,D1,0.025,2021-07-15,0.020982340846283996,0.054838503393391615,0.032418128726512466,0.1348340025775491,0.3203631263221338,0.7814716733686952,0.39979933557715797,1.3814682681335888,1.0783938601080811,-0.1324388877055357
29,2022,D2,0.4,2021-07-20,0.020796879998121867,0.05889000925249569,0.03666624291938179,0.16971016830013366,0.3959561759524412,0.8020223701081003,0.39377773830820095,1.3287352208026477,1.076243855349235,-0.1350575729005716
29,2022,D3,9.65,2021-08-02,0.020156924132316036,0.05312046325482617,0.027615155003796604,0.16593008122302427,0.3789921936574577,0.8446381931673256,0.3930457329402517,1.3249284200445406,1.0350016573657455,-0.7231518294857007
29,2022,D4,31,2021-08-25,0.02838966423451698,0.05722612502328455,0.06488700743678731,0.12713730611671475,0.19923039764478595,0.5115626280388945,0.2244216564639196,0.5958388597894617,1.3519882986414324,-0.0581929351626807
29,2022,D5,50.5,NA,NA,NA,NA,NA,NA,NA,NA,NA,NA,NA
30,2022,D0,0,2021-07-07,0.023340619892621275,0.056911940190744935,0.044277225748118584,0.13095508225310626,0.26080624353193377,0.6588716717151311,0.3212312952210191,1.0088580460975851,1.2124153762656402,0.32447852948542766
30,2022,D1,0.075,2021-07-15,0.02388538669281604,0.058849615022955014,0.03938044607779297,0.1462760469895987,0.31944418108544487,0.7426529846165346,0.36260771247630613,1.2022264107703342,1.1163283117238425,0.018368358886033817
30,2022,D2,0.6,2021-07-20,0.02068966931328386,0.05666764593557311,0.041657446780706375,0.16755077523221976,0.3665856265535629,0.7608506463277303,0.3641167682702079,1.1796431129482081,1.110339534681524,-0.07596374295588357
30,2022,D3,15.1,2021-08-02,0.019931986268590655,0.04180364926489552,0.027753560965805953,0.12071820349318298,0.29492980837919525,0.8009225571547662,0.41839653086171386,1.5202301835653085,1.0519474314069253,-0.456517975692135
30,2022,D4,42,2021-08-25,0.031221413922412723,0.06389910895712682,0.07011234612111023,0.12325559338008187,0.18202445984801277,0.4541211033878029,0.19946032399016433,0.5166088953503599,1.4153534442534543,-0.08972055158015499
30,2022,D5,60,NA,NA,NA,NA,NA,NA,NA,NA,NA,NA,NA
31,2022,D0,0,2021-07-07,0.02211155475818778,0.060218035001254805,0.039769667046888224,0.14036510124794613,0.30815562011639763,0.7156573924161278,0.36158200325875484,1.182630614741019,1.1454514416720087,0.3773438603858459
31,2022,D1,0,2021-07-15,0.02140199394508825,0.05705006788522625,0.036332226086038685,0.13892784751493695,0.32177115087151664,0.7609113421658614,0.3886499680747609,1.3347470152924226,1.1027568234646723,0.13057384832470578
31,2022,D2,0.1,2021-07-20,0.022872519566219163,0.060361441909068704,0.041353285062716495,0.16914237090530354,0.359619586469412,0.7572023511516401,0.35230698886118994,1.1143660320229305,1.1061797819990415,-0.11194077746531025
31,2022,D3,5.875,2021-08-02,0.023008513911258268,0.057052175187288806,0.036619902295836115,0.17336654330777837,0.3311234701580336,0.7724715345988172,0.3138201328682576,0.9398589698839133,1.07609658935714,-0.28780190108131437
31,2022,D4,10.8,2021-08-25,0.02919905665002329,0.06398204752453003,0.060718077564362434,0.14544897229223305,0.24162219123291245,0.5913799561307174,0.2485036628517345,0.6779859541652191,1.2314091808453955,7.949468771459959e-4
31,2022,D5,23.05,NA,NA,NA,NA,NA,NA,NA,NA,NA,NA,NA
32,2022,D0,0,2021-07-07,0.021746831210504525,0.055622588264763545,0.038166462058486256,0.13128351838518468,0.2858235674996442,0.7057869169890643,0.35600484644845953,1.1565179889454384,1.1510222229280167,0.3542278409860235
32,2022,D1,0,2021-07-15,0.02201808218710182,0.05953653085371224,0.03894399215542316,0.13740544601156673,0.3171745766878004,0.7461246514773621,0.3899800345964639,1.3490326254987715,1.109361514036091,0.03780455320443946
32,2022,D2,0,2021-07-20,0.023276782477653996,0.05737544264300133,0.04043947830337985,0.16392539987126903,0.3273053530349184,0.7462584507530284,0.32489697343901575,0.9838178956407816,1.098886859930426,-0.0819634859133568
32,2022,D3,3.625,2021-08-02,0.024764840842172158,0.05523785062987309,0.03972681081220062,0.1718589190704032,0.32960705930477824,0.7534943632484778,0.31393028299352455,0.9409901043499969,1.0847216640522002,-0.2876957587160835
32,2022,D4,9.025,2021-08-25,0.0298266808860108,0.0674233625198636,0.06261795247630153,0.16648325562072225,0.27684813855920803,0.6132203182031504,0.24488467189888946,0.6634277766149907,1.2160193378528692,-0.07641450673126157
32,2022,D5,10.05,NA,NA,NA,NA,NA,NA,NA,NA,NA,NA,NA
33,2022,D0,0,2021-07-07,0.02082576270034371,0.058814598992233014,0.03393638963137466,0.14073330155922087,0.31360369809694333,0.7548542620597841,0.3704691078682923,1.230987350194252,1.106172633118217,0.14699663326314735
33,2022,D1,0.05,2021-07-15,0.020758487476604574,0.05788807583331966,0.03145918384434295,0.14679509467618473,0.3700974217706036,0.8162132372915976,0.42898316207602005,1.5758711793321,1.0577037995999898,-0.30427572791313434
33,2022,D2,2.825,2021-07-20,0.020554209973312795,0.05506976421672468,0.03165366644238008,0.16790614762396003,0.3830571335843752,0.8245731494571328,0.3848885538947765,1.2786321474374782,1.050752333900363,-0.3987374946479828
33,2022,D3,18.025,2021-08-02,0.021542898919301598,0.052427392141079866,0.030539549148610238,0.17655097173702208,0.37196689375023256,0.8277281291275291,0.3569453494042815,1.1373376266992403,1.0428859922701552,-0.6047624725973556
33,2022,D4,60.75,2021-08-25,0.029786968678874235,0.059613986899840495,0.06366181293167483,0.12858598799660595,0.20943266281427994,0.5358823156283833,0.24204570084191157,0.6564103502151803,1.2942612551008879,-0.050276864848370774
33,2022,D5,64.75,NA,NA,NA,NA,NA,NA,NA,NA,NA,NA,NA
34,2022,D0,0,2021-07-07,0.021928492922863595,0.06039846852263318,0.03532052177963195,0.14385158417065058,0.3201218624805988,0.7514753005960731,0.36949754845789307,1.219781642504655,1.1089144607824553,0.08401903015469363
34,2022,D1,0,2021-07-15,0.0201506904274326,0.05689458227578106,0.031349793128568504,0.15153570690384113,0.3765375280545974,0.82119042323298,0.4239588025189558,1.5293288010093162,1.059004663928665,-0.3881285963798673
34,2022,D2,0.325,2021-07-20,0.020451197126895297,0.055565797801780545,0.03147341189282915,0.17212437824501803,0.39118097523499457,0.8288811702819936,0.3848387910903679,1.2778733150363637,1.050203370084196,-0.47096277463700353
34,2022,D3,9.7,2021-08-02,0.022104203463885086,0.052586617764903164,0.03051191940059269,0.17273356450015023,0.3759094662827283,0.827655945712418,0.36985861655922997,1.2034997303783774,1.0490828443403608,-0.9068635436996165
34,2022,D4,17.05,2021-08-25,0.02802116798755515,0.05635194165310516,0.05964353401177653,0.12428030594193859,0.2039934718330955,0.5432330562922383,0.24732455042184454,0.685863773084187,1.2929198922136556,0.09902687440270648
34,2022,D5,26.55,NA,NA,NA,NA,NA,NA,NA,NA,NA,NA,NA
35,2022,D0,0,2021-07-07,0.023022455701522577,0.06453866948055224,0.03590782273221549,0.14544129836257494,0.33605376392551994,0.7627825718928636,0.3862154263731657,1.310211915537325,1.0949557562624241,0.013299412840653448
35,2022,D1,0.025,2021-07-15,0.020263952582476354,0.05835547231663394,0.03137466923939848,0.15733383115400731,0.39315942386744807,0.8284231216281774,0.4268454964206308,1.5529622272225605,1.055249541549532,-0.39929338871324727
35,2022,D2,0.075,2021-07-20,0.01936701984630138,0.05359266635054213,0.030411547277230336,0.1670385490405761,0.400392203981518,0.8384306366214397,0.406591786357543,1.396377771081201,1.0472301579234589,-0.5005099302350392
35,2022,D3,8.4,2021-08-02,0.023301473622785125,0.0584444095600922,0.03332283771196883,0.1898374244831638,0.42103772667338973,0.834726160185592,0.3800208882449632,1.2560443000836328,1.0432061610256895,-0.8599549280994196
35,2022,D4,18.4,2021-08-25,0.02804430650625604,0.05990397972384055,0.05714082147130139,0.15208405798779973,0.26057308869203044,0.6137754964763166,0.2602728869532135,0.7262785730515662,1.2269366678698308,0.00942435804784273
35,2022,D5,14.4,NA,NA,NA,NA,NA,NA,NA,NA,NA,NA,NA
36,2022,D0,0,2021-07-07,0.020605614296978526,0.056341953264417884,0.034357601293849675,0.13488478318618577,0.31390226263485305,0.7577029206624661,0.3915792873687803,1.3468557163472492,1.1046152772346658,0.0978333986770236
36,2022,D1,0.075,2021-07-15,0.019923032639302098,0.05484262361632125,0.03180803719220825,0.15091914749574475,0.37932384450383894,0.8212715389963816,0.4326178544929947,1.6024960207756296,1.0602295983779295,-0.37922286631270374
36,2022,D2,2.15,2021-07-20,0.018929691577564606,0.05400171152925515,0.03181206786912738,0.17147641196897798,0.39804527833684006,0.8328813706512548,0.39488909383263354,1.3281948808896087,1.0523440240710242,-0.43949321704179073
36,2022,D3,25.15,2021-08-02,0.022829027119162158,0.058527106477845245,0.03503825929601661,0.2062768009542892,0.4417818484911618,0.8371609088283364,0.36905588234086417,1.2022204912289118,1.0457369014897688,-0.9818120335931589
36,2022,D4,43,2021-08-25,0.031154300746916896,0.062229852064560234,0.06680598506575515,0.12262424876484963,0.197178578697184,0.5040742573237135,0.2421151758246366,0.675376377292106,1.3392458414287312,0.0401994087970896
36,2022,D5,88,NA,NA,NA,NA,NA,NA,NA,NA,NA,NA,NA
37,2022,D0,0,2021-07-07,0.02453648454512398,0.05776691647901746,0.041018242398385446,0.1400822139090757,0.3165894626369172,0.7123657412440982,0.372930870186139,1.248181903590867,1.1413492588481398,0.31838108704695484
37,2022,D1,0.05,2021-07-15,0.02065776395947918,0.057414216080235524,0.03358030676337409,0.14707727486185598,0.3617977081700604,0.7967554698019603,0.4185559439154253,1.5128736838587187,1.0776000456543053,-0.06781447157759757
37,2022,D2,5.225,2021-07-20,0.01908085954359567,0.05353835646411266,0.03287590993278524,0.17100658731720164,0.3968207123556963,0.8205217704300132,0.3920707627731908,1.3181371973244833,1.0625726507105975,-0.196439377415801
37,2022,D3,19.3,2021-08-02,0.022015559195157523,0.057560781319133114,0.03422850003444146,0.18810622636634272,0.41821424468146284,0.8332134554499214,0.3817617895444676,1.262864229293004,1.056608731125637,-0.9147740655060359
37,2022,D4,48,2021-08-25,0.03017063175139832,0.05987191975819211,0.06688300715327163,0.11471820063808236,0.18089721591521488,0.4625647280362055,0.23121526088937489,0.6312104770246527,1.4198016368758941,0.15350825374234195
37,2022,D5,84.5,NA,NA,NA,NA,NA,NA,NA,NA,NA,NA,NA
38,2022,D0,0,2021-07-07,0.024496994541899533,0.06516874516033476,0.04320010044627137,0.14889430023368425,0.33692486210415096,0.7188490331301811,0.3734587600338916,1.2416056465588468,1.1449680416602557,0.35157163851108686
38,2022,D1,0,2021-07-15,0.022202962090150127,0.06168993692790498,0.034965986022581254,0.15416477146400454,0.36975649382002373,0.7967046888245506,0.40860724695429185,1.4460477860630785,1.07591304457259,-0.1745530816640402
38,2022,D2,0.875,2021-07-20,0.02038546565283457,0.05592238998160986,0.033926183878553715,0.17813298479129927,0.4067276972255094,0.8204881616779093,0.38547460363941627,1.2844312927396009,1.061355480831645,-0.37578076043392605
38,2022,D3,7.475,2021-08-02,0.023898919500263426,0.05898878186002045,0.03347903261287701,0.18478619268920748,0.4078247323660156,0.8310272202689606,0.37997837649603616,1.2545734533806818,1.044365300917579,-0.8599796085414328
38,2022,D4,16.2,2021-08-25,0.02969163958928757,0.06141537165927489,0.06461569286946156,0.13335022725617163,0.21738714825993463,0.5265675965658595,0.2410969028465001,0.6580441115569,1.335204972022868,0.03554548426629788
38,2022,D5,21.4,NA,NA,NA,NA,NA,NA,NA,NA,NA,NA,NA
39,2022,D0,0,2021-07-07,0.02375349202158402,0.06403329202949128,0.04276755197142946,0.14629644108284134,0.33703671732718493,0.7210620057835804,0.38040873200980047,1.2898443668933692,1.1447348064478116,0.33094172130320465
39,2022,D1,0,2021-07-15,0.020385707916793363,0.05698300186449182,0.031870452810319486,0.14791123493269287,0.3529447835491886,0.8037040666462092,0.4055700641024669,1.4243773720761357,1.070825949035873,-0.23866341669541835
39,2022,D2,1.85,2021-07-20,0.02008451499300662,0.057203330339515364,0.03208595993935597,0.17507595797971448,0.4149821826437972,0.8331989405722567,0.4011998284964651,1.368847683667301,1.052621421679764,-0.49353541119521016
39,2022,D3,18.7,2021-08-02,0.020837121097053456,0.05540730324205259,0.02953160999862163,0.1768605081961463,0.39414144594240746,0.8413165721534289,0.38250454057866007,1.2602424882384384,1.0390357221376891,-0.5206771201297551
39,2022,D4,31.4,2021-08-25,0.0324586343642573,0.06580556133409961,0.07369123842784284,0.11797809379072864,0.17934308655800674,0.4283260218588694,0.21429522052810898,0.5638364205649993,1.4747225122267718,0.013350319124777047
39,2022,D5,69,NA,NA,NA,NA,NA,NA,NA,NA,NA,NA,NA
40,2022,D0,0,2021-07-07,0.02217877559393484,0.05772793419226512,0.043880260699487784,0.13379530827290692,0.2885866865252498,0.6798193630024164,0.34902142291253,1.121808012613086,1.190334796050942,0.4463134659156948
40,2022,D1,0,2021-07-15,0.021377202845732725,0.05585393627336882,0.035769329828223874,0.13068644755848394,0.32145920907237757,0.7630346375007733,0.415950159305697,1.5050103295866504,1.1027030721191005,0.04386341487665355
40,2022,D2,1.6,2021-07-20,0.019852134125606616,0.05373436615783844,0.03486695315271314,0.16379847172472028,0.36628291882827246,0.793466931644803,0.3733395766925247,1.2300632744400315,1.080936150586189,-0.051256961859822044
40,2022,D3,9.975,2021-08-02,0.017180779710253384,0.049301323476498564,0.028567330212600762,0.14862707753228332,0.3652903040858215,0.8334063690421751,0.42214880650442327,1.5433084304173386,1.0532583364563814,-0.6361958419855275
40,2022,D4,20.475,2021-08-25,0.030158033392054973,0.06140500066632243,0.06845816850613293,0.13016985650565865,0.2018115897655443,0.4929596902284403,0.22223297234746947,0.6005138534102323,1.3749150190404589,-0.07824890596529649
40,2022,D5,29.9,NA,NA,NA,NA,NA,NA,NA,NA,NA,NA,NA
1,2023,D0,0.15,2021-07-07,0.02089238441472932,0.048802161800688554,0.04060995014630651,0.12152262404852476,0.2446870792784601,0.6569093343828624,0.32211392052989685,0.9989964780506716,1.2089929746462753,0.49929140294004326
1,2023,D1,0.25,2021-07-15,0.020382975589187863,0.04942616659086405,0.03205623443402964,0.12173786360621791,0.2899206265498531,0.7603174832421552,0.3967210148141669,1.3809845927033402,1.0954316437997493,0.14459301966947039
1,2023,D2,1.95,2021-07-20,0.020665341854501185,0.051983532832820145,0.03630887290012232,0.14699694394807492,0.36028860113745104,0.7819582874567923,0.41005625339351504,1.454421829388968,1.0907910725428955,0.07652749480475293
1,2023,D3,3.8,2021-08-02,0.025130639786240836,0.0633464474556525,0.03448836425629986,0.19726308295440032,0.42747750459416334,0.8350754473644942,0.37165062785958014,1.231015133924123,1.0416813414639268,-0.5201193156431136
1,2023,D4,4.95,2021-08-25,0.03317172642863077,0.06795603286517762,0.06613099992457423,0.163276131635819,0.3060204498288857,0.6192177159885468,0.2999994095991741,0.9131849849934865,1.225855043362236,0.08609201069045615
1,2023,D5,11.35,NA,NA,NA,NA,NA,NA,NA,NA,NA,NA,NA
1,2023,D6,24.9,NA,NA,NA,NA,NA,NA,NA,NA,NA,NA,NA
2,2023,D0,0.6,2021-07-07,0.022003680632548466,0.05443210331649085,0.04510647286716955,0.13273594554615847,0.2787726800364963,0.6671694016761299,0.3387557595803543,1.0722584949740588,1.2029963752913435,0.43835034298455283
2,2023,D1,2.55,2021-07-15,0.019017549650223953,0.047920837833968694,0.029241721932253977,0.1168986432673207,0.267757640025505,0.7610975779711052,0.3815743924816468,1.2858749284789117,1.0898368301759083,0.0458092648807521
2,2023,D2,8.15,2021-07-20,0.021543151780551443,0.053980969214347016,0.038320959210734286,0.15269892883845776,0.37279465587849603,0.7756811335318047,0.409006809613774,1.4399732890454422,1.0930755195009485,0.13240196806184676
2,2023,D3,14.85,2021-08-02,0.025105672058707326,0.06159803101192963,0.035646694722829476,0.18424604418842327,0.39293184479584564,0.8109584737751119,0.3607707880433034,1.1773175532810054,1.0549526223432553,-0.4577592358110058
2,2023,D4,13.05,2021-08-25,0.03559652202576074,0.06614677077832065,0.07592767013490138,0.13152867739655108,0.21433333926088213,0.4807597219475934,0.2449726143984129,0.6723946728729637,1.3666526807245276,0.02647753822142051
2,2023,D5,32,NA,NA,NA,NA,NA,NA,NA,NA,NA,NA,NA
2,2023,D6,46,NA,NA,NA,NA,NA,NA,NA,NA,NA,NA,NA
3,2023,D0,0.5,2021-07-07,0.022556183912096895,0.05711344714883634,0.04411843248685968,0.1383896298763591,0.2971490085140001,0.6880898012704968,0.34814462746083086,1.1165161564060633,1.181832123868988,0.4072417551874481
3,2023,D1,1.35,2021-07-15,0.019674388395697892,0.0490312668018915,0.029052718372851404,0.1239710851779259,0.2874765966332322,0.7748026791686263,0.3851904841226728,1.3121339859368926,1.0806258653374752,0.02821563246179182
3,2023,D2,2,2021-07-20,0.020673446245461698,0.05449944691022228,0.037399984061615904,0.15594584718473267,0.3971302849553277,0.7953697578142437,0.4269298425963623,1.5577238935732887,1.084938612605052,0.061999574163392454
3,2023,D3,5.65,2021-08-02,0.024583100372272564,0.06176597874492993,0.03476931583983366,0.19765955784597655,0.4174476756901234,0.828002809712202,0.35867992036969515,1.1628946381906866,1.0459941619082556,-0.5744413976083776
3,2023,D4,8.4,2021-08-25,0.037806395930481976,0.06896098568301366,0.08072512489944755,0.12491452182813445,0.20231596521142137,0.4538598090406878,0.24888635485593077,0.689790823779984,1.3999209006381619,0.03886983558524345
3,2023,D5,22.75,NA,NA,NA,NA,NA,NA,NA,NA,NA,NA,NA
3,2023,D6,59.5,NA,NA,NA,NA,NA,NA,NA,NA,NA,NA,NA
4,2023,D0,0.3,2021-07-07,0.021874614844586495,0.056174083933992404,0.042874717699644446,0.1365349918512479,0.2917336201846757,0.6953013025750472,0.3481033281749162,1.1116723908238964,1.1697153406216052,0.3786825646742485
4,2023,D1,5.15,2021-07-15,0.01963094329953892,0.04868798162062401,0.03043498674743878,0.131266485887497,0.31070010123683867,0.7820181836070957,0.39789288454275507,1.378507219366817,1.0793699350938926,0.027410644042960772
4,2023,D2,2,2021-07-20,0.021324285267606317,0.055938774089490884,0.03814747711225706,0.15592948956102284,0.38948385357113735,0.7920895425161442,0.42042944293733375,1.4995324191641533,1.0825754711141273,0.04675895027730639
4,2023,D3,14.1,2021-08-02,0.027484648464431393,0.06946836777316884,0.043632579071301296,0.23181812515381386,0.4706403956950914,0.8123663438853422,0.3418064087514944,1.0764829363891155,1.063901211867207,-0.5624987734705067
4,2023,D4,18.55,2021-08-25,0.03273967382174112,0.06385213777437447,0.07184862168257354,0.122043048982785,0.20692847668930703,0.4991206886192157,0.26469524192280364,0.74844662480474,1.3466721228407126,0.05124495212118432
4,2023,D5,36,NA,NA,NA,NA,NA,NA,NA,NA,NA,NA,NA
4,2023,D6,70.25,NA,NA,NA,NA,NA,NA,NA,NA,NA,NA,NA
5,2023,D0,0.25,2021-07-07,0.022960740097045493,0.058178114130418124,0.04563810998155348,0.1391187107932214,0.2921267592646253,0.6801860524302461,0.3393279896547531,1.075473216285643,1.1831138557591894,0.44505296477646367
5,2023,D1,1.6,2021-07-15,0.02113099837241825,0.05204240748331483,0.03232802998746479,0.1335987709928392,0.3020882617364438,0.7639989962367874,0.3756051462687672,1.2548894852701613,1.0870830072066016,0.150216009510792
5,2023,D2,1.35,2021-07-20,0.02137609440956277,0.05544645798865101,0.039411562986637276,0.15355040367738534,0.37456658871361753,0.7752996388379756,0.409456362715219,1.4469040550338308,1.095501192171673,0.12951381626200018
5,2023,D3,3.25,2021-08-02,0.027478311815836775,0.07332335463543302,0.04389518257606215,0.22640006063180243,0.4458780840702042,0.7968273081587952,0.3272567130205246,1.0193596789431225,1.0744471702477798,-0.3103782429989433
5,2023,D4,10.35,2021-08-25,0.03340376651397682,0.06654732201775167,0.07474162104123296,0.1302465917746575,0.21491860694629047,0.4934244108194941,0.2531492317675372,0.7062527563260682,1.353491088540416,0.04580862110362603
5,2023,D5,28.9,NA,NA,NA,NA,NA,NA,NA,NA,NA,NA,NA
5,2023,D6,55.75,NA,NA,NA,NA,NA,NA,NA,NA,NA,NA,NA
6,2023,D0,0.15,2021-07-07,0.022675594160587974,0.05957335322757795,0.042138275850866644,0.14203907194019974,0.30820786158907465,0.7142905034908165,0.3568939534662546,1.1581653838860837,1.1497398427668966,0.30651449446803614
6,2023,D1,0.35,2021-07-15,0.020485883985911356,0.05105246681267657,0.03119703677985116,0.14115131799500144,0.3349992921576961,0.791895910413381,0.39757571085302923,1.3748307220139007,1.0741665749413045,-0.0794766912251848
6,2023,D2,1,2021-07-20,0.021732530962083055,0.05606451632982359,0.035810728836031556,0.16000262892166367,0.398239907142621,0.8091809093620173,0.4198103551960497,1.493574254480336,1.0698024902503618,-0.16733123806946668
6,2023,D3,2,2021-08-02,0.0252191169901756,0.06154771835910466,0.036004361051323756,0.20197805447449999,0.42879342155074257,0.8282890984293457,0.3619902792880908,1.1817976806020432,1.046306215804763,-0.64989803359413445
6,2023,D4,5.15,2021-08-25,0.03576925227844419,0.07247604552175181,0.07037802876017708,0.17312855998624144,0.3140636579732975,0.6212679741201304,0.2859255658044552,0.8448268252695198,1.2371373596414494,0.11184626092258328
6,2023,D5,30.75,NA,NA,NA,NA,NA,NA,NA,NA,NA,NA,NA
6,2023,D6,55.75,NA,NA,NA,NA,NA,NA,NA,NA,NA,NA,NA
7,2023,D0,0.25,2021-07-07,0.023606691319765706,0.0599942454517881,0.04294853406251862,0.14332182513128955,0.3103642276289111,0.7052194054808997,0.35283546542716193,1.1404401022987911,1.158901254631951,0.22357257777120026
7,2023,D1,0.45,2021-07-15,0.022431737249440517,0.056746700314655556,0.03130302151432367,0.14615491649108817,0.36745052511727927,0.8055775251097537,0.42015418233459645,1.5042189020800651,1.0585178073451422,-0.2078983832777519
7,2023,D2,0.9,2021-07-20,0.01983959844719843,0.05239146759371982,0.03299101984358602,0.15565167983601016,0.3980271184929658,0.8196373723811872,0.429525645740773,1.5547876602011335,1.065487761775629,-0.29137129936881057
7,2023,D3,1.3,2021-08-02,0.024348670019040897,0.06283112975032572,0.03451642034472996,0.20812858634588258,0.4614012864727572,0.8472470313896446,0.38255180234355163,1.2882046979782953,1.0390402128090763,-0.8562301124216426
7,2023,D4,4.65,2021-08-25,0.0297504818250553,0.05792985094878423,0.06628184348536278,0.13421738453470355,0.23452085770151151,0.5560935586912775,0.2760420581094516,0.792368188075165,1.2950753134343518,0.0697294938624234
7,2023,D5,13.7,NA,NA,NA,NA,NA,NA,NA,NA,NA,NA,NA
7,2023,D6,26,NA,NA,NA,NA,NA,NA,NA,NA,NA,NA,NA
8,2023,D0,0.15,2021-07-07,0.023642311631485037,0.06191251362100773,0.04298428898832265,0.14831991812833398,0.3220374675280249,0.71636649982175,0.35602438837682937,1.153831371530378,1.148875830386801,0.21173498335630317
8,2023,D1,1.05,2021-07-15,0.021870138157787607,0.05383426522249851,0.030433779180698846,0.14019858218935244,0.3415687108112572,0.797796964798861,0.40831095034908726,1.431302366418912,1.0608032526452071,-0.1346557992453047
8,2023,D2,6.55,2021-07-20,0.019588863015763826,0.05078258716339354,0.03284344355764567,0.15299046470510094,0.3931336742374569,0.8197848959891266,0.43264711638268133,1.5787544904235153,1.0622662782005494,-0.2423790190993261
8,2023,D3,27,2021-08-02,0.025300215023154216,0.05947328491566706,0.03604092532362353,0.20657953393618375,0.43645783503260066,0.8318661672840966,0.3616866824065555,1.171456837636451,1.0436901580563134,-0.7183310743569694
8,2023,D4,39.75,2021-08-25,0.037656774649351084,0.07335121445628418,0.08514251922412364,0.13331633020221392,0.20881200456235277,0.4441819080653444,0.23136775451602415,0.6194195663902572,1.4372272184868085,0.14435250045432918
8,2023,D5,38.5,NA,NA,NA,NA,NA,NA,NA,NA,NA,NA,NA
8,2023,D6,80.25,NA,NA,NA,NA,NA,NA,NA,NA,NA,NA,NA
9,2023,D0,0.2,2021-07-07,0.02427710131438739,0.061393735574716904,0.04394926980728592,0.1444968389196187,0.308585061647948,0.698530424524915,0.3476681184205942,1.117134724352992,1.1632746088440564,0.2623829016556792
9,2023,D1,1.9,2021-07-15,0.02188458579150438,0.054441947510991975,0.029638699889471935,0.13653803275588422,0.33856066238717814,0.8036543198689972,0.41637333686777317,1.4784582591899464,1.0551242189012413,-0.25101486253321836
9,2023,D2,13.55,2021-07-20,0.021439528873706103,0.05433168981087567,0.03362620049911161,0.15594278535131204,0.40892185993654295,0.824276251931495,0.441315146950147,1.6324658284031213,1.0561764260945297,-0.4109303033191531
9,2023,D3,28.5,2021-08-02,0.023230384487108117,0.06380880250549167,0.03683221077255617,0.21066913298379575,0.4795214136515263,0.842205895850148,0.39253820457631317,1.3420359698569433,1.0491362384238936,-0.7612609133125466
9,2023,D4,33,2021-08-25,0.03487980529082358,0.06780984731846951,0.07374641714366528,0.14840528058255414,0.2625147243059334,0.5622498498943321,0.27991919939023224,0.8111977727347104,1.2789367781394083,0.11609574190758257
9,2023,D5,49,NA,NA,NA,NA,NA,NA,NA,NA,NA,NA,NA
9,2023,D6,55.25,NA,NA,NA,NA,NA,NA,NA,NA,NA,NA,NA
10,2023,D0,0.15,2021-07-07,0.0234365684798309,0.059591319343218374,0.04362132681108275,0.1444027335288083,0.31312519093400226,0.6988392422804621,0.35153433476274926,1.1415593899055216,1.1685042424992182,0.3357828096650125
10,2023,D1,0.6,2021-07-15,0.020529557130589633,0.05020432239648498,0.029733882235353965,0.1338568884870543,0.31857845701442133,0.7882094004868867,0.3981184883231217,1.3782597716052298,1.0713870969497623,0.0205864547810572
10,2023,D2,2.1,2021-07-20,0.02108184641537474,0.05315596648031893,0.036299273271383,0.16159350058727592,0.40612884891046286,0.8110456757198587,0.42220966099004076,1.5091684297156411,1.065504092488185,-0.16969125206822233
10,2023,D3,2.75,2021-08-02,0.024569603122638946,0.05829370257082023,0.03337979694814685,0.20354885105383855,0.4674466998187812,0.8522271756333112,0.3940105886835799,1.3324810731226466,1.0311383933212042,-0.9329644398080859
10,2023,D4,3.1,2021-08-25,0.03244729766331741,0.06243503227354476,0.07069394830016472,0.13318807181900816,0.2240196633478859,0.5263451385250232,0.2603763730681003,0.7298258245894331,1.3243421376322138,0.06984817107725348
10,2023,D5,23,NA,NA,NA,NA,NA,NA,NA,NA,NA,NA,NA
10,2023,D6,36.25,NA,NA,NA,NA,NA,NA,NA,NA,NA,NA,NA
11,2023,D0,0.15,2021-07-07,0.02282100276455048,0.05970168223545373,0.04427105209949365,0.14320501179447245,0.3003495828697592,0.6909050822159737,0.3404127109786782,1.0743886253196817,1.1784685446577812,0.3831091051871136
11,2023,D1,1.85,2021-07-15,0.0185980025249059,0.05052206172352945,0.031058537106114066,0.1318898438503682,0.3058316683864208,0.7805915966215947,0.392277384961947,1.3566258673410796,1.0907179106744231,0.025017020054392523
11,2023,D2,11.95,2021-07-20,0.021076383463828178,0.05629455676185885,0.0369002186806977,0.15724434410560165,0.37621026137744706,0.7876093161072629,0.4011143089784575,1.385441868499312,1.0859170413964376,-0.04831534313195452
11,2023,D3,12.65,2021-08-02,0.02227491755425196,0.05626305679157328,0.0340262002700782,0.19247621619534877,0.40873794040009737,0.8252356308426618,0.3618694266327746,1.1790729335530987,1.053370572129843,-0.47021344376319707
11,2023,D4,12.35,2021-08-25,0.03220764338020569,0.06421227059087223,0.0735843250379194,0.13056105249116237,0.212610294646614,0.4872964772386114,0.24163318138061268,0.6602580034094795,1.3939859963703671,0.16351823194747914
11,2023,D5,33,NA,NA,NA,NA,NA,NA,NA,NA,NA,NA,NA
11,2023,D6,35.75,NA,NA,NA,NA,NA,NA,NA,NA,NA,NA,NA
12,2023,D0,0.15,2021-07-07,0.022290884497116338,0.060343720082595635,0.0429655311576603,0.1441267411796176,0.30375921333021316,0.6985894123755295,0.34248548402255385,1.080121516648426,1.1710072911386127,0.3004619363181852
12,2023,D1,5.75,2021-07-15,0.01981701956340857,0.053488235731252096,0.032882781380142376,0.13223806014798126,0.30222704140191065,0.7638126646792291,0.38191669060994893,1.2891364879697966,1.1000600657831534,0.0061431868503030425
12,2023,D2,26.25,2021-07-20,0.021781055551657144,0.05907054836345319,0.038678154299067895,0.1628041031518833,0.38818849000987776,0.783511510024198,0.39863137693217376,1.3605557099560046,1.0873273412437277,-0.095364584627628
12,2023,D3,37.5,2021-08-02,0.025233032694441323,0.06403574764388423,0.03893872349251986,0.1969020846054055,0.411020978722963,0.806132133142325,0.3530706780473398,1.127406365401761,1.062790941573238,-0.49193242105524054
12,2023,D4,54.25,2021-08-25,0.03148391691294862,0.06400177110442246,0.06896637076313195,0.14659707112215858,0.23890439068556274,0.5390937518175138,0.23991816760601037,0.6482139259510323,1.3049434476591737,0.05401536337597089
12,2023,D5,69.5,NA,NA,NA,NA,NA,NA,NA,NA,NA,NA,NA
12,2023,D6,93.5,NA,NA,NA,NA,NA,NA,NA,NA,NA,NA,NA
13,2023,D0,0.25,2021-07-07,0.02211413375895872,0.06289556360788091,0.04265935745590247,0.14935794380194858,0.31750875595711164,0.7124581893056434,0.3477512342917868,1.1075914658931256,1.1606220211222047,0.3637140070775556
13,2023,D1,0.05,2021-07-15,0.020006170216080237,0.05614472348447336,0.03134367934220999,0.14027445336360944,0.3260599527613008,0.7887920983830006,0.3904000319306242,1.3329724353028203,1.0792617661378463,-0.06867047558245173
13,2023,D2,0.2,2021-07-20,0.020479918183424105,0.06098736079115578,0.03665144094072729,0.16917269145748545,0.41589302532266814,0.8096072334652066,0.41358059319924567,1.4496962866508016,1.0746838697019074,-0.15083105097794416
13,2023,D3,1,2021-08-02,0.024315068705130543,0.06981933317801295,0.03149349050157271,0.20806596809308361,0.44001681390843167,0.8538961758995153,0.36086090866265286,1.1642643317504744,1.0304279044147147,-0.9219435727439383
13,2023,D4,3.4,2021-08-25,0.031672026293210455,0.06808206437681152,0.06547172150793368,0.17511766037306475,0.3086364858836498,0.6280323486770515,0.2732816561717209,0.7777530281604125,1.2156102019349766,0.008994668948148835
13,2023,D5,10.6,NA,NA,NA,NA,NA,NA,NA,NA,NA,NA,NA
13,2023,D6,23,NA,NA,NA,NA,NA,NA,NA,NA,NA,NA,NA
14,2023,D0,0.35,2021-07-07,0.023114898376451427,0.05985613940561285,0.046189467898410594,0.1392655068533049,0.2849417228789928,0.676337862295246,0.33149236058823833,1.0232721141968084,1.1888807248384903,0.4442368504298097
14,2023,D1,0.35,2021-07-15,0.02095564383336017,0.05658478660581918,0.03321927592720423,0.1439912812700113,0.3291101776386155,0.7828250390262462,0.38357184154735696,1.2906723107931337,1.0807140581215697,-0.04508038765715764
14,2023,D2,0.65,2021-07-20,0.021297172686368816,0.05862934879067451,0.037365445967755095,0.16078253314487695,0.3928958491642888,0.7985510358120768,0.41272677746613234,1.4437109882514425,1.0763378048427852,-0.10124776498217072
14,2023,D3,3.1,2021-08-02,0.027216983141691804,0.06959043221094124,0.040737383995505576,0.2240817109266778,0.4563009479846147,0.8229697460752582,0.34632801951259845,1.087822168019962,1.058747142383197,-0.873486558196919
14,2023,D4,2.95,2021-08-25,0.033201069924460064,0.06398255082169675,0.07626774085566503,0.12721212211311747,0.19495133274392965,0.45000804381716236,0.21549650457674638,0.5605547796454735,1.4254628011557064,-0.2514779990143995
14,2023,D5,7.8,NA,NA,NA,NA,NA,NA,NA,NA,NA,NA,NA
14,2023,D6,19.5,NA,NA,NA,NA,NA,NA,NA,NA,NA,NA,NA
15,2023,D0,0.15,2021-07-07,0.022375835231898577,0.061179920347931196,0.041500244233228845,0.14629043572197958,0.31178259024346,0.7198423733609683,0.35042468034114904,1.1150447954112384,1.1467095667604996,0.24863497029285261
15,2023,D1,0.25,2021-07-15,0.022372605020327608,0.05968789572593058,0.033533452133571826,0.1488490543343551,0.34708701681443643,0.7903655520935832,0.3917954999843402,1.3350544364644499,1.0734516223910902,-0.13984438347347486
15,2023,D2,3,2021-07-20,0.02194515329609887,0.061279316591505935,0.03643290908078198,0.16344086910330757,0.4002293098269731,0.8077605952493834,0.414673884972085,1.4500551946610751,1.0682232649841017,-0.24951941233620542
15,2023,D3,5.25,2021-08-02,0.02798404756064866,0.07293050813461209,0.04063068605605504,0.2243523585293668,0.4512954712789296,0.8183377655617647,0.3413659361407415,1.0703625697948211,1.0509691667841814,-0.45800228075147964
15,2023,D4,14.25,2021-08-25,0.031557785549496564,0.06765107094534219,0.06388104785806546,0.16403560289166622,0.2689752512504198,0.601846568212375,0.2430514635309755,0.6562813005179521,1.2237028766091245,-0.02695606589431654
15,2023,D5,21.5,NA,NA,NA,NA,NA,NA,NA,NA,NA,NA,NA
15,2023,D6,42.5,NA,NA,NA,NA,NA,NA,NA,NA,NA,NA,NA
16,2023,D0,0.1,2021-07-07,0.020861325829098543,0.058709568516481854,0.03996187177342611,0.14128532011104702,0.3017970074940487,0.7235433325638898,0.3521370046483111,1.1250962753757419,1.147408805571975,0.301009615366666
16,2023,D1,5.9,2021-07-15,0.021009176262281447,0.05998821938861354,0.03180204366095271,0.15602998873964022,0.36433334229321995,0.8096700276919122,0.39410803924091864,1.3428199242756436,1.0639345020185127,-0.3200177751092811
16,2023,D2,8.55,2021-07-20,0.020976215895564886,0.06260347538764137,0.03316698187545086,0.1759698932660897,0.4279086226960494,0.8375735169525571,0.41462027863734413,1.44307451420622,1.0501961429891062,-0.537894215083963
16,2023,D3,19.75,2021-08-02,0.023623521010808498,0.06819463323322883,0.033884987577272395,0.22254831494941546,0.45849495451459976,0.8516508686077952,0.35366123540465755,1.12454601682724,1.0361211880917627,-0.8471248175575983
16,2023,D4,44,2021-08-25,0.030493058194171054,0.06404962695503728,0.0658574253347727,0.14909127859292215,0.24486509006696464,0.5740527471963573,0.2454515166333581,0.6699439042975024,1.264780888289411,0.028018217218541613
16,2023,D5,72.75,NA,NA,NA,NA,NA,NA,NA,NA,NA,NA,NA
16,2023,D6,65,NA,NA,NA,NA,NA,NA,NA,NA,NA,NA,NA
17,2023,D0,0.2,2021-07-07,0.02132974855184999,0.05750314101899913,0.039892175810071595,0.1370613897193915,0.295613456937276,0.7157179174503924,0.35507981052521026,1.1420617141742126,1.1539740977095931,0.34119340094209716
17,2023,D1,0.05,2021-07-15,0.02181142806284255,0.05995074560205537,0.032434772570422495,0.1516184378557678,0.35876937168621265,0.8000431163113546,0.39886707254491954,1.3698651455954864,1.0681732976243414,-0.1140547795460883
17,2023,D2,0.3,2021-07-20,0.020820446402039026,0.0596832783947518,0.03347267230883418,0.1692592419766643,0.41943610106745843,0.8302574542701224,0.419366393074524,1.4756373060196422,1.0544881331476386,-0.3193034280912128
17,2023,D3,1.9,2021-08-02,0.02337971203960478,0.062355142281891145,0.032121667159182216,0.2017982490663183,0.44409839288327096,0.8520045546200129,0.37710442697284996,1.2452049969258983,1.0357469156508803,-0.8700951547563851
17,2023,D4,6.35,2021-08-25,0.03252230183482848,0.0638461091297548,0.06648973792853523,0.13752811947402013,0.22439451663803772,0.5383072691211188,0.24208999057344768,0.6564856741110481,1.2983168064722725,0.0010159223077330546
17,2023,D5,7.85,NA,NA,NA,NA,NA,NA,NA,NA,NA,NA,NA
17,2023,D6,38,NA,NA,NA,NA,NA,NA,NA,NA,NA,NA,NA
18,2023,D0,0.35,2021-07-07,0.02188218718806057,0.05869400800956324,0.04093411798049702,0.14137982250510966,0.302336755899024,0.7115535479350596,0.3503842085804408,1.118671784269258,1.1580020887954525,0.32563499811703506
18,2023,D1,0.15,2021-07-15,0.02132649342738478,0.057068438555670134,0.030897490688173827,0.14719232366306373,0.34481226976618345,0.8004531613024517,0.39269738509809116,1.3478593614195757,1.0661370007920017,-0.14783130195561853
18,2023,D2,0.55,2021-07-20,0.020521101222071486,0.058551880597814146,0.032851827369373414,0.16679461960918202,0.4183310785112601,0.8334914825966359,0.425292246710257,1.5209923317764995,1.0516774373583848,-0.30294254613096283
18,2023,D3,2.05,2021-08-02,0.022662826477641843,0.062172266123905806,0.03157510922137129,0.20270046225465616,0.4475631335438833,0.8549204199495674,0.3785744948387033,1.253492808311204,1.0358220644203369,-0.7559168261685135
18,2023,D4,4.35,2021-08-25,0.02987871621482921,0.05902406542257567,0.06794822120861696,0.12513367249855598,0.20401133644224712,0.5055839237767276,0.24319904988057375,0.6654888784975816,1.3609097811417252,0.04340790119408071
18,2023,D5,8.3,NA,NA,NA,NA,NA,NA,NA,NA,NA,NA,NA
18,2023,D6,29.5,NA,NA,NA,NA,NA,NA,NA,NA,NA,NA,NA
19,2023,D0,0.35,2021-07-07,0.022603187242301984,0.05975365999054198,0.04357306842443875,0.14290671521935597,0.2992025021916137,0.696297817019117,0.3402171446094348,1.070942971867468,1.1771607901472767,0.39810832137540925
19,2023,D1,0.8,2021-07-15,0.021598941058895288,0.0575334754695153,0.031147981910912257,0.14166456888307746,0.33025511022715637,0.7919106905802415,0.39145127914934436,1.3304156612269553,1.06931814328719,-0.125423042383604
19,2023,D2,5.75,2021-07-20,0.021184062666743015,0.059527718552707706,0.03409332590210946,0.1669940788838779,0.41646792560900225,0.8290410861735796,0.4224323615833422,1.4934347772187246,1.0533007543287258,-0.35812892932564644
19,2023,D3,7.05,2021-08-02,0.023664507861804532,0.06000657723081747,0.033218984397424454,0.18946316130971658,0.44014436865838047,0.8441076683629314,0.40015588983958655,1.374169657463377,1.0422222300538133,-1.0814628753456503
19,2023,D4,8.65,2021-08-25,0.03446312315776787,0.06983648509080428,0.07757790432424905,0.14470334973972354,0.22997565218103058,0.5042939248015672,0.23103438792763073,0.620002226438093,1.3852639963661646,0.20626545310864397
19,2023,D5,24.5,NA,NA,NA,NA,NA,NA,NA,NA,NA,NA,NA
19,2023,D6,66.5,NA,NA,NA,NA,NA,NA,NA,NA,NA,NA,NA
20,2023,D0,0.55,2021-07-07,0.023508877506114637,0.05890453039065808,0.047592968713421904,0.13688859838038142,0.2807071748999009,0.6557863871197727,0.32765723983406225,1.0246774049602934,1.2226243639608876,0.5812196925031308
20,2023,D1,1.05,2021-07-15,0.022663772563781735,0.05830423488569326,0.03712529554521495,0.14819536828109192,0.3369566694245867,0.7581284653572069,0.3783656987023231,1.2723543362392367,1.104388301888353,0.14232269457449198
20,2023,D2,13.05,2021-07-20,0.022863273884834598,0.06025028946799139,0.03771215100499788,0.16741884954432495,0.41057333369142063,0.8133904709591854,0.414680408368762,1.452372521414568,1.056663630531995,-0.18526152539969348
20,2023,D3,12.3,2021-08-02,0.023777711025954527,0.05588091658323068,0.03341388432915405,0.17942885876940023,0.4061702183131191,0.8257591661297722,0.3845869415299783,1.2930730337841159,1.0476568498154064,-0.4141809408381047
20,2023,D4,21.5,2021-08-25,0.03227812172841976,0.06842014248858765,0.07143897859931454,0.16607767023175238,0.2665646778314989,0.5637742681770541,0.23092027109812197,0.6216048468554471,1.3041216381418685,0.14434190348155587
20,2023,D5,22.5,NA,NA,NA,NA,NA,NA,NA,NA,NA,NA,NA
20,2023,D6,37.5,NA,NA,NA,NA,NA,NA,NA,NA,NA,NA,NA
21,2023,D0,0.35,2021-07-07,0.022187066079112104,0.05638866630121427,0.04349103161806539,0.13418877394040488,0.28197668217972005,0.678026152210604,0.34417174345969076,1.0917439699330722,1.1873055781125554,0.5261465375377359
21,2023,D1,1.35,2021-07-15,0.020157310113344106,0.04875384450308642,0.03535302199068541,0.12015034218329505,0.27171066316707454,0.7356596132206488,0.37993533326898443,1.2872960332105052,1.1200030689513363,0.24274055617837428
21,2023,D2,2.2,2021-07-20,0.024181768853400523,0.061438541733849224,0.04705646998818957,0.1632921294250651,0.3503712558912005,0.727003322281321,0.3567379702559615,1.1368177268834017,1.1306603813420268,0.2412537372738888
21,2023,D3,2.7,2021-08-02,0.024494897589422145,0.05809190630626666,0.042984898508724265,0.17842452552602447,0.3147829745866668,0.729930441204577,0.27959845303088704,0.8095929939858358,1.115223458993366,0.005691116550124757
21,2023,D4,11.85,2021-08-25,0.033982874950429585,0.07115492144037248,0.07250453362581115,0.13894411789948563,0.2177166743444352,0.5067603422951903,0.22606226976239513,0.5981403689054652,1.3375264787222012,-0.19617713065270373
21,2023,D5,22.25,NA,NA,NA,NA,NA,NA,NA,NA,NA,NA,NA
21,2023,D6,27,NA,NA,NA,NA,NA,NA,NA,NA,NA,NA,NA
22,2023,D0,0.15,2021-07-07,0.022755581888672733,0.05684062487085276,0.04544145035136672,0.13391346787567474,0.27537678361878365,0.6666546626702494,0.3337415758576336,1.0412628718151196,1.199818531016952,0.5088588229648063
22,2023,D1,1.55,2021-07-15,0.0216545153239786,0.05001697880243497,0.03766276211190937,0.12150137194468633,0.26704880558044747,0.7155948012129774,0.3650532610568227,1.1995585475766735,1.1311784528526099,0.2966248438640705
22,2023,D2,7.55,2021-07-20,0.02357276427833484,0.057389553911434056,0.04634504906707617,0.15836903026620142,0.3343388934033026,0.7189932454576542,0.34829890910717426,1.092332473591828,1.135407476674882,0.22402512037307626
22,2023,D3,7.9,2021-08-02,0.027317990187664794,0.059880431198840234,0.04708922401424751,0.1774981649242768,0.33505448884845934,0.7195766848837292,0.305542927607987,0.9136159652319672,1.1248917008697923,-0.02458783042885487
22,2023,D4,21.75,2021-08-25,0.02865668564015737,0.06429306158354073,0.05747477359805925,0.15747160215568187,0.25906842153459225,0.6237296717663913,0.24317008841961316,0.6564541138235583,1.1965768065575555,-0.11394084027271846
22,2023,D5,48.25,NA,NA,NA,NA,NA,NA,NA,NA,NA,NA,NA
22,2023,D6,64,NA,NA,NA,NA,NA,NA,NA,NA,NA,NA,NA
23,2023,D0,0.1,2021-07-07,0.02272741724113483,0.05738842736054432,0.04389309987965738,0.1379282697130077,0.28730497478991834,0.6838893452832591,0.3418451099761281,1.0772730700937492,1.1790340367361694,0.39704536804066526
23,2023,D1,0.5,2021-07-15,0.022658016037228335,0.05245606460851105,0.03529764040493402,0.13281225687657724,0.30069811292977716,0.7540973306456501,0.38027484919463345,1.2711511389470502,1.0951532242952482,-0.022457002483578088
23,2023,D2,3.3,2021-07-20,0.022516008059423363,0.05564379792659727,0.04242904164443159,0.1626544658273321,0.3609010878122764,0.7562440383072999,0.3706427623942597,1.207476013209314,1.108038915169001,-0.06513353647374616
23,2023,D3,12.25,2021-08-02,0.026190827326392805,0.057447558114914817,0.03728375633745145,0.1842602651618807,0.3627074014451442,0.7868434312381059,0.3266339750475075,1.001675733277854,1.06433554325296,-0.45275573211800013
23,2023,D4,8.7,2021-08-25,0.030212900697041037,0.06066010843883974,0.0666622705407,0.13848701012257808,0.21701728223352676,0.5271642887097959,0.2225675226940656,0.5855172051221322,1.3166959677493526,-0.15619194321949093
23,2023,D5,22.75,NA,NA,NA,NA,NA,NA,NA,NA,NA,NA,NA
23,2023,D6,57.5,NA,NA,NA,NA,NA,NA,NA,NA,NA,NA,NA
24,2023,D0,0.15,2021-07-07,0.02140498047380659,0.05666796204390855,0.04005206692188088,0.13706567755697815,0.29376091256427256,0.7116083921244606,0.3544428839765433,1.1437437100960943,1.1526365455955672,0.40365150290029683
24,2023,D1,0.25,2021-07-15,0.020515253501529402,0.052132574924383564,0.032687525184108474,0.13826416312801984,0.32562374836635405,0.7833498326531477,0.39576190130258654,1.3672314753575583,1.0813310306629393,0.05394925521316329
24,2023,D2,1.05,2021-07-20,0.02082984855258637,0.054937885831383926,0.03747857895945505,0.15819950142409792,0.3747444050018639,0.7851167395322864,0.3976250529174562,1.3581943300921486,1.0884487392403557,0.009060770946587441
24,2023,D3,1.75,2021-08-02,0.025819653715444008,0.06053501702192642,0.03775902213405782,0.19141006253802817,0.3971750034264072,0.8019641276111891,0.35183804541293745,1.1278397284828745,1.061822016915012,-0.7375545901331511
24,2023,D4,2.5,2021-08-25,0.029675866582132924,0.061583390679118555,0.06095243996236472,0.15008689337395806,0.24656463160375902,0.5848672680744744,0.24165361999237894,0.6572800774000214,1.2700451980432108,0.1313856963489787
24,2023,D5,9.75,NA,NA,NA,NA,NA,NA,NA,NA,NA,NA,NA
24,2023,D6,26,NA,NA,NA,NA,NA,NA,NA,NA,NA,NA,NA
25,2023,D0,0.3,2021-07-07,0.020861863952004532,0.05736771745310225,0.038071911163985415,0.13984995732441996,0.29911223111958185,0.7290118349663064,0.3560800696632044,1.1446111742805216,1.1352573006926348,0.1922804964539523
25,2023,D1,2.25,2021-07-15,0.021287516935819914,0.05645641128180106,0.03279427513332218,0.14833818789725128,0.35014623651291216,0.7989040219281961,0.4000442102263665,1.3914122099583712,1.0686199596375179,-0.19998354087483305
25,2023,D2,2.8,2021-07-20,0.020739718430936083,0.05667053926648563,0.03645774730994324,0.16738177824429015,0.39378310361541213,0.8025925551637955,0.39773670313801374,1.3492680485721877,1.0745663010532687,-0.2128007021730204
25,2023,D3,10.55,2021-08-02,0.02561498518891117,0.06698111921454532,0.04009003399200339,0.2271989737653195,0.4421287933319794,0.8138777982756011,0.32786213249131385,1.0184009734120227,1.0564834001925136,-0.5740803039096705
25,2023,D4,15.75,2021-08-25,0.028846450662966015,0.05705890819410142,0.06533360235512127,0.12029127669805191,0.18699822781709802,0.4882257797518728,0.2250774935023759,0.6019301719206268,1.3703593868644701,-0.005195640495169156
25,2023,D5,25.5,NA,NA,NA,NA,NA,NA,NA,NA,NA,NA,NA
25,2023,D6,84.5,NA,NA,NA,NA,NA,NA,NA,NA,NA,NA,NA
26,2023,D0,0.3,2021-07-07,0.020157547062485303,0.054231159999131744,0.03848824340100785,0.13112026319867476,0.2787107491156573,0.7109046645937876,0.3537186275324196,1.147418340436562,1.1541731839038563,0.37412852254548246
26,2023,D1,0.65,2021-07-15,0.020954899254433088,0.05585342439464733,0.032718934675216034,0.1444677152551664,0.3498758316830615,0.7997719131601811,0.41131917451177546,1.448276361540197,1.0691238286662046,-0.08124797459654781
26,2023,D2,12.25,2021-07-20,0.020249986502243477,0.05755859334794882,0.03581589648658612,0.166256115368732,0.4091635495078529,0.8133004319369008,0.4166660424815868,1.4664407073973034,1.0702998542836473,-0.21440202191475294
26,2023,D3,31.25,2021-08-02,0.024007033506231092,0.06453540414177038,0.035254907345333,0.2070071485837485,0.44434887004153584,0.8351463558741654,0.370770106931134,1.22849682524537,1.0446797317829033,-0.7155234902939225
26,2023,D4,29,2021-08-25,0.032767044180732306,0.06359781325511785,0.07456906593156883,0.12513662882802012,0.18919889738488757,0.4570188961870063,0.2115906408871041,0.5535844256525396,1.4445113681340649,-0.030885031710745893
26,2023,D5,62.75,NA,NA,NA,NA,NA,NA,NA,NA,NA,NA,NA
26,2023,D6,53,NA,NA,NA,NA,NA,NA,NA,NA,NA,NA,NA
27,2023,D0,0.05,2021-07-07,0.021930676181203798,0.05637151933420381,0.039961712798767854,0.130619264442768,0.28346469463210616,0.7008748517725125,0.35785444425521606,1.1670433502771165,1.1643718714221316,0.21921957686803556
27,2023,D1,0.25,2021-07-15,0.021852060622324792,0.056821433014720986,0.03272919048947489,0.14171554796888802,0.3463017255098828,0.7920994650269638,0.41094691360622976,1.4574949906888863,1.0710435407246384,-0.204941249473175
27,2023,D2,2.45,2021-07-20,0.02082344923776156,0.058142763513432824,0.03632322149052575,0.16630192162090043,0.4077441723758556,0.8067838382447543,0.4127645123225966,1.4447817357952846,1.075076133623257,-0.2931720786863684
27,2023,D3,3.95,2021-08-02,0.021580474883452196,0.058051696342827,0.027766233812875244,0.18735615664559585,0.43078335625790987,0.8663874551865115,0.39843678579314135,1.3590637411269475,1.0246739464828845,-1.0858622821667478
27,2023,D4,9.95,2021-08-25,0.02708242078352415,0.0599990739615574,0.057667937105287156,0.1504990499579037,0.24503368740476222,0.5946146831739039,0.23743694581509348,0.642878086212019,1.260061921433601,0.0416937059215949
27,2023,D5,20.3,NA,NA,NA,NA,NA,NA,NA,NA,NA,NA,NA
27,2023,D6,76.5,NA,NA,NA,NA,NA,NA,NA,NA,NA,NA,NA
28,2023,D0,0.35,2021-07-07,0.022148654635626118,0.057254529133261595,0.041776717947557857,0.13315106459515993,0.2830351031546686,0.69142917893291,0.3488766190232624,1.121158594932521,1.1801032424015656,0.2670115421275066
28,2023,D1,4.2,2021-07-15,0.022029717887235806,0.05714222009430958,0.03436179620111462,0.14617139150421832,0.34417857369984034,0.782569201962749,0.3957798752878774,1.3665155041574704,1.0816350549853904,-0.1793357878659614
28,2023,D2,24.25,2021-07-20,0.02130630914294375,0.059522629197864094,0.0373312539811456,0.16917121216016326,0.4058952225518351,0.7983298265645488,0.4039077663542031,1.3892259339046527,1.0800704689137066,-0.0064584782133628345
28,2023,D3,43,2021-08-02,0.021827444121077014,0.05941714539573329,0.029589241190890292,0.1884719457358708,0.41824718473113576,0.8503351054017747,0.38070112376364684,1.261550330811637,1.0343842752881764,-0.7847178420713271
28,2023,D4,59,2021-08-25,0.027660028100121865,0.05688757935773853,0.06456498213190405,0.12805798068843435,0.20019659053856229,0.5069555628155331,0.22060311926332143,0.5872713226159203,1.3769948599291646,0.12080258024118863
28,2023,D5,73.25,NA,NA,NA,NA,NA,NA,NA,NA,NA,NA,NA
28,2023,D6,93.25,NA,NA,NA,NA,NA,NA,NA,NA,NA,NA,NA
29,2023,D0,0.2,2021-07-07,0.02122350382291625,0.05473365566472792,0.041936756492472256,0.12957531276441642,0.27374503632363417,0.6830712282979737,0.34633462883608956,1.1068451629328016,1.1834830753484435,0.39212222665821
29,2023,D1,1.05,2021-07-15,0.020982340846283996,0.054838503393391615,0.032418128726512466,0.1348340025775491,0.3203631263221338,0.7814716733686952,0.39979933557715797,1.3814682681335888,1.0783938601080811,-0.1324388877055357
29,2023,D2,2.65,2021-07-20,0.020796879998121867,0.05889000925249569,0.03666624291938179,0.16971016830013366,0.3959561759524412,0.8020223701081003,0.39377773830820095,1.3287352208026477,1.076243855349235,-0.1350575729005716
29,2023,D3,4,2021-08-02,0.020156924132316036,0.05312046325482617,0.027615155003796604,0.16593008122302427,0.3789921936574577,0.8446381931673256,0.3930457329402517,1.3249284200445406,1.0350016573657455,-0.7231518294857007
29,2023,D4,9,2021-08-25,0.02838966423451698,0.05722612502328455,0.06488700743678731,0.12713730611671475,0.19923039764478595,0.5115626280388945,0.2244216564639196,0.5958388597894617,1.3519882986414324,-0.0581929351626807
29,2023,D5,31.75,NA,NA,NA,NA,NA,NA,NA,NA,NA,NA,NA
29,2023,D6,45,NA,NA,NA,NA,NA,NA,NA,NA,NA,NA,NA
30,2023,D0,0.5,2021-07-07,0.023340619892621275,0.056911940190744935,0.044277225748118584,0.13095508225310626,0.26080624353193377,0.6588716717151311,0.3212312952210191,1.0088580460975851,1.2124153762656402,0.32447852948542766
30,2023,D1,4.95,2021-07-15,0.02388538669281604,0.058849615022955014,0.03938044607779297,0.1462760469895987,0.31944418108544487,0.7426529846165346,0.36260771247630613,1.2022264107703342,1.1163283117238425,0.018368358886033817
30,2023,D2,3.9,2021-07-20,0.02068966931328386,0.05666764593557311,0.041657446780706375,0.16755077523221976,0.3665856265535629,0.7608506463277303,0.3641167682702079,1.1796431129482081,1.110339534681524,-0.07596374295588357
30,2023,D3,16.8,2021-08-02,0.019931986268590655,0.04180364926489552,0.027753560965805953,0.12071820349318298,0.29492980837919525,0.8009225571547662,0.41839653086171386,1.5202301835653085,1.0519474314069253,-0.456517975692135
30,2023,D4,41.5,2021-08-25,0.031221413922412723,0.06389910895712682,0.07011234612111023,0.12325559338008187,0.18202445984801277,0.4541211033878029,0.19946032399016433,0.5166088953503599,1.4153534442534543,-0.08972055158015499
30,2023,D5,43.25,NA,NA,NA,NA,NA,NA,NA,NA,NA,NA,NA
30,2023,D6,60.75,NA,NA,NA,NA,NA,NA,NA,NA,NA,NA,NA
31,2023,D0,0.15,2021-07-07,0.02211155475818778,0.060218035001254805,0.039769667046888224,0.14036510124794613,0.30815562011639763,0.7156573924161278,0.36158200325875484,1.182630614741019,1.1454514416720087,0.3773438603858459
31,2023,D1,3.8,2021-07-15,0.02140199394508825,0.05705006788522625,0.036332226086038685,0.13892784751493695,0.32177115087151664,0.7609113421658614,0.3886499680747609,1.3347470152924226,1.1027568234646723,0.13057384832470578
31,2023,D2,0.3,2021-07-20,0.022872519566219163,0.060361441909068704,0.041353285062716495,0.16914237090530354,0.359619586469412,0.7572023511516401,0.35230698886118994,1.1143660320229305,1.1061797819990415,-0.11194077746531025
31,2023,D3,1.55,2021-08-02,0.023008513911258268,0.057052175187288806,0.036619902295836115,0.17336654330777837,0.3311234701580336,0.7724715345988172,0.3138201328682576,0.9398589698839133,1.07609658935714,-0.28780190108131437
31,2023,D4,9,2021-08-25,0.02919905665002329,0.06398204752453003,0.060718077564362434,0.14544897229223305,0.24162219123291245,0.5913799561307174,0.2485036628517345,0.6779859541652191,1.2314091808453955,7.949468771459959e-4
31,2023,D5,10.9,NA,NA,NA,NA,NA,NA,NA,NA,NA,NA,NA
31,2023,D6,34,NA,NA,NA,NA,NA,NA,NA,NA,NA,NA,NA
32,2023,D0,0.35,2021-07-07,0.021746831210504525,0.055622588264763545,0.038166462058486256,0.13128351838518468,0.2858235674996442,0.7057869169890643,0.35600484644845953,1.1565179889454384,1.1510222229280167,0.3542278409860235
32,2023,D1,0.7,2021-07-15,0.02201808218710182,0.05953653085371224,0.03894399215542316,0.13740544601156673,0.3171745766878004,0.7461246514773621,0.3899800345964639,1.3490326254987715,1.109361514036091,0.03780455320443946
32,2023,D2,10.65,2021-07-20,0.023276782477653996,0.05737544264300133,0.04043947830337985,0.16392539987126903,0.3273053530349184,0.7462584507530284,0.32489697343901575,0.9838178956407816,1.098886859930426,-0.0819634859133568
32,2023,D3,16.85,2021-08-02,0.024764840842172158,0.05523785062987309,0.03972681081220062,0.1718589190704032,0.32960705930477824,0.7534943632484778,0.31393028299352455,0.9409901043499969,1.0847216640522002,-0.2876957587160835
32,2023,D4,23.75,2021-08-25,0.0298266808860108,0.0674233625198636,0.06261795247630153,0.16648325562072225,0.27684813855920803,0.6132203182031504,0.24488467189888946,0.6634277766149907,1.2160193378528692,-0.07641450673126157
32,2023,D5,40.75,NA,NA,NA,NA,NA,NA,NA,NA,NA,NA,NA
32,2023,D6,51.5,NA,NA,NA,NA,NA,NA,NA,NA,NA,NA,NA
33,2023,D0,0.3,2021-07-07,0.02082576270034371,0.058814598992233014,0.03393638963137466,0.14073330155922087,0.31360369809694333,0.7548542620597841,0.3704691078682923,1.230987350194252,1.106172633118217,0.14699663326314735
33,2023,D1,0.2,2021-07-15,0.020758487476604574,0.05788807583331966,0.03145918384434295,0.14679509467618473,0.3700974217706036,0.8162132372915976,0.42898316207602005,1.5758711793321,1.0577037995999898,-0.30427572791313434
33,2023,D2,5.6,2021-07-20,0.020554209973312795,0.05506976421672468,0.03165366644238008,0.16790614762396003,0.3830571335843752,0.8245731494571328,0.3848885538947765,1.2786321474374782,1.050752333900363,-0.3987374946479828
33,2023,D3,9.95,2021-08-02,0.021542898919301598,0.052427392141079866,0.030539549148610238,0.17655097173702208,0.37196689375023256,0.8277281291275291,0.3569453494042815,1.1373376266992403,1.0428859922701552,-0.6047624725973556
33,2023,D4,18,2021-08-25,0.029786968678874235,0.059613986899840495,0.06366181293167483,0.12858598799660595,0.20943266281427994,0.5358823156283833,0.24204570084191157,0.6564103502151803,1.2942612551008879,-0.050276864848370774
33,2023,D5,37.5,NA,NA,NA,NA,NA,NA,NA,NA,NA,NA,NA
33,2023,D6,52,NA,NA,NA,NA,NA,NA,NA,NA,NA,NA,NA
34,2023,D0,0.35,2021-07-07,0.021928492922863595,0.06039846852263318,0.03532052177963195,0.14385158417065058,0.3201218624805988,0.7514753005960731,0.36949754845789307,1.219781642504655,1.1089144607824553,0.08401903015469363
34,2023,D1,0.75,2021-07-15,0.0201506904274326,0.05689458227578106,0.031349793128568504,0.15153570690384113,0.3765375280545974,0.82119042323298,0.4239588025189558,1.5293288010093162,1.059004663928665,-0.3881285963798673
34,2023,D2,0.95,2021-07-20,0.020451197126895297,0.055565797801780545,0.03147341189282915,0.17212437824501803,0.39118097523499457,0.8288811702819936,0.3848387910903679,1.2778733150363637,1.050203370084196,-0.47096277463700353
34,2023,D3,3.85,2021-08-02,0.022104203463885086,0.052586617764903164,0.03051191940059269,0.17273356450015023,0.3759094662827283,0.827655945712418,0.36985861655922997,1.2034997303783774,1.0490828443403608,-0.9068635436996165
34,2023,D4,14.45,2021-08-25,0.02802116798755515,0.05635194165310516,0.05964353401177653,0.12428030594193859,0.2039934718330955,0.5432330562922383,0.24732455042184454,0.685863773084187,1.2929198922136556,0.09902687440270648
34,2023,D5,14.2,NA,NA,NA,NA,NA,NA,NA,NA,NA,NA,NA
34,2023,D6,42.75,NA,NA,NA,NA,NA,NA,NA,NA,NA,NA,NA
35,2023,D0,0.1,2021-07-07,0.023022455701522577,0.06453866948055224,0.03590782273221549,0.14544129836257494,0.33605376392551994,0.7627825718928636,0.3862154263731657,1.310211915537325,1.0949557562624241,0.013299412840653448
35,2023,D1,1.2,2021-07-15,0.020263952582476354,0.05835547231663394,0.03137466923939848,0.15733383115400731,0.39315942386744807,0.8284231216281774,0.4268454964206308,1.5529622272225605,1.055249541549532,-0.39929338871324727
35,2023,D2,4.65,2021-07-20,0.01936701984630138,0.05359266635054213,0.030411547277230336,0.1670385490405761,0.400392203981518,0.8384306366214397,0.406591786357543,1.396377771081201,1.0472301579234589,-0.5005099302350392
35,2023,D3,11.35,2021-08-02,0.023301473622785125,0.0584444095600922,0.03332283771196883,0.1898374244831638,0.42103772667338973,0.834726160185592,0.3800208882449632,1.2560443000836328,1.0432061610256895,-0.8599549280994196
35,2023,D4,22.75,2021-08-25,0.02804430650625604,0.05990397972384055,0.05714082147130139,0.15208405798779973,0.26057308869203044,0.6137754964763166,0.2602728869532135,0.7262785730515662,1.2269366678698308,0.00942435804784273
35,2023,D5,51.75,NA,NA,NA,NA,NA,NA,NA,NA,NA,NA,NA
35,2023,D6,51.75,NA,NA,NA,NA,NA,NA,NA,NA,NA,NA,NA
36,2023,D0,0.15,2021-07-07,0.020605614296978526,0.056341953264417884,0.034357601293849675,0.13488478318618577,0.31390226263485305,0.7577029206624661,0.3915792873687803,1.3468557163472492,1.1046152772346658,0.0978333986770236
36,2023,D1,8,2021-07-15,0.019923032639302098,0.05484262361632125,0.03180803719220825,0.15091914749574475,0.37932384450383894,0.8212715389963816,0.4326178544929947,1.6024960207756296,1.0602295983779295,-0.37922286631270374
36,2023,D2,18.35,2021-07-20,0.018929691577564606,0.05400171152925515,0.03181206786912738,0.17147641196897798,0.39804527833684006,0.8328813706512548,0.39488909383263354,1.3281948808896087,1.0523440240710242,-0.43949321704179073
36,2023,D3,40.5,2021-08-02,0.022829027119162158,0.058527106477845245,0.03503825929601661,0.2062768009542892,0.4417818484911618,0.8371609088283364,0.36905588234086417,1.2022204912289118,1.0457369014897688,-0.9818120335931589
36,2023,D4,60,2021-08-25,0.031154300746916896,0.062229852064560234,0.06680598506575515,0.12262424876484963,0.197178578697184,0.5040742573237135,0.2421151758246366,0.675376377292106,1.3392458414287312,0.0401994087970896
36,2023,D5,80.75,NA,NA,NA,NA,NA,NA,NA,NA,NA,NA,NA
36,2023,D6,82.25,NA,NA,NA,NA,NA,NA,NA,NA,NA,NA,NA
37,2023,D0,0.35,2021-07-07,0.02453648454512398,0.05776691647901746,0.041018242398385446,0.1400822139090757,0.3165894626369172,0.7123657412440982,0.372930870186139,1.248181903590867,1.1413492588481398,0.31838108704695484
37,2023,D1,0.35,2021-07-15,0.02065776395947918,0.057414216080235524,0.03358030676337409,0.14707727486185598,0.3617977081700604,0.7967554698019603,0.4185559439154253,1.5128736838587187,1.0776000456543053,-0.06781447157759757
37,2023,D2,2.05,2021-07-20,0.01908085954359567,0.05353835646411266,0.03287590993278524,0.17100658731720164,0.3968207123556963,0.8205217704300132,0.3920707627731908,1.3181371973244833,1.0625726507105975,-0.196439377415801
37,2023,D3,5.4,2021-08-02,0.022015559195157523,0.057560781319133114,0.03422850003444146,0.18810622636634272,0.41821424468146284,0.8332134554499214,0.3817617895444676,1.262864229293004,1.056608731125637,-0.9147740655060359
37,2023,D4,25,2021-08-25,0.03017063175139832,0.05987191975819211,0.06688300715327163,0.11471820063808236,0.18089721591521488,0.4625647280362055,0.23121526088937489,0.6312104770246527,1.4198016368758941,0.15350825374234195
37,2023,D5,19.55,NA,NA,NA,NA,NA,NA,NA,NA,NA,NA,NA
37,2023,D6,73,NA,NA,NA,NA,NA,NA,NA,NA,NA,NA,NA
38,2023,D0,0.15,2021-07-07,0.024496994541899533,0.06516874516033476,0.04320010044627137,0.14889430023368425,0.33692486210415096,0.7188490331301811,0.3734587600338916,1.2416056465588468,1.1449680416602557,0.35157163851108686
38,2023,D1,0.7,2021-07-15,0.022202962090150127,0.06168993692790498,0.034965986022581254,0.15416477146400454,0.36975649382002373,0.7967046888245506,0.40860724695429185,1.4460477860630785,1.07591304457259,-0.1745530816640402
38,2023,D2,11.4,2021-07-20,0.02038546565283457,0.05592238998160986,0.033926183878553715,0.17813298479129927,0.4067276972255094,0.8204881616779093,0.38547460363941627,1.2844312927396009,1.061355480831645,-0.37578076043392605
38,2023,D3,21.1,2021-08-02,0.023898919500263426,0.05898878186002045,0.03347903261287701,0.18478619268920748,0.4078247323660156,0.8310272202689606,0.37997837649603616,1.2545734533806818,1.044365300917579,-0.8599796085414328
38,2023,D4,13.15,2021-08-25,0.02969163958928757,0.06141537165927489,0.06461569286946156,0.13335022725617163,0.21738714825993463,0.5265675965658595,0.2410969028465001,0.6580441115569,1.335204972022868,0.03554548426629788
38,2023,D5,30,NA,NA,NA,NA,NA,NA,NA,NA,NA,NA,NA
38,2023,D6,70,NA,NA,NA,NA,NA,NA,NA,NA,NA,NA,NA
39,2023,D0,0.3,2021-07-07,0.02375349202158402,0.06403329202949128,0.04276755197142946,0.14629644108284134,0.33703671732718493,0.7210620057835804,0.38040873200980047,1.2898443668933692,1.1447348064478116,0.33094172130320465
39,2023,D1,0.1,2021-07-15,0.020385707916793363,0.05698300186449182,0.031870452810319486,0.14791123493269287,0.3529447835491886,0.8037040666462092,0.4055700641024669,1.4243773720761357,1.070825949035873,-0.23866341669541835
39,2023,D2,0.35,2021-07-20,0.02008451499300662,0.057203330339515364,0.03208595993935597,0.17507595797971448,0.4149821826437972,0.8331989405722567,0.4011998284964651,1.368847683667301,1.052621421679764,-0.49353541119521016
39,2023,D3,1.6,2021-08-02,0.020837121097053456,0.05540730324205259,0.02953160999862163,0.1768605081961463,0.39414144594240746,0.8413165721534289,0.38250454057866007,1.2602424882384384,1.0390357221376891,-0.5206771201297551
39,2023,D4,10.1,2021-08-25,0.0324586343642573,0.06580556133409961,0.07369123842784284,0.11797809379072864,0.17934308655800674,0.4283260218588694,0.21429522052810898,0.5638364205649993,1.4747225122267718,0.013350319124777047
39,2023,D5,8.05,NA,NA,NA,NA,NA,NA,NA,NA,NA,NA,NA
39,2023,D6,19,NA,NA,NA,NA,NA,NA,NA,NA,NA,NA,NA
40,2023,D0,0.1,2021-07-07,0.02217877559393484,0.05772793419226512,0.043880260699487784,0.13379530827290692,0.2885866865252498,0.6798193630024164,0.34902142291253,1.121808012613086,1.190334796050942,0.4463134659156948
40,2023,D1,0.85,2021-07-15,0.021377202845732725,0.05585393627336882,0.035769329828223874,0.13068644755848394,0.32145920907237757,0.7630346375007733,0.415950159305697,1.5050103295866504,1.1027030721191005,0.04386341487665355
40,2023,D2,5.95,2021-07-20,0.019852134125606616,0.05373436615783844,0.03486695315271314,0.16379847172472028,0.36628291882827246,0.793466931644803,0.3733395766925247,1.2300632744400315,1.080936150586189,-0.051256961859822044
40,2023,D3,21.25,2021-08-02,0.017180779710253384,0.049301323476498564,0.028567330212600762,0.14862707753228332,0.3652903040858215,0.8334063690421751,0.42214880650442327,1.5433084304173386,1.0532583364563814,-0.6361958419855275
40,2023,D4,12.55,2021-08-25,0.030158033392054973,0.06140500066632243,0.06845816850613293,0.13016985650565865,0.2018115897655443,0.4929596902284403,0.22223297234746947,0.6005138534102323,1.3749150190404589,-0.07824890596529649
40,2023,D5,20.25,NA,NA,NA,NA,NA,NA,NA,NA,NA,NA,NA
40,2023,D6,61.5,NA,NA,NA,NA,NA,NA,NA,NA,NA,NA,NA
41,2023,D0,0.2,2021-07-07,NA,NA,NA,NA,NA,NA,NA,NA,NA,NA
41,2023,D1,0.15,2021-07-15,NA,NA,NA,NA,NA,NA,NA,NA,NA,NA
41,2023,D2,0.4,2021-07-20,NA,NA,NA,NA,NA,NA,NA,NA,NA,NA
41,2023,D3,1.65,2021-08-02,NA,NA,NA,NA,NA,NA,NA,NA,NA,NA
41,2023,D4,5.1,2021-08-25,NA,NA,NA,NA,NA,NA,NA,NA,NA,NA
41,2023,D5,9.35,NA,NA,NA,NA,NA,NA,NA,NA,NA,NA,NA
41,2023,D6,25.5,NA,NA,NA,NA,NA,NA,NA,NA,NA,NA,NA
42,2023,D0,0.1,2021-07-07,NA,NA,NA,NA,NA,NA,NA,NA,NA,NA
42,2023,D1,0.15,2021-07-15,NA,NA,NA,NA,NA,NA,NA,NA,NA,NA
42,2023,D2,0.05,2021-07-20,NA,NA,NA,NA,NA,NA,NA,NA,NA,NA
42,2023,D3,0.75,2021-08-02,NA,NA,NA,NA,NA,NA,NA,NA,NA,NA
42,2023,D4,2.25,2021-08-25,NA,NA,NA,NA,NA,NA,NA,NA,NA,NA
42,2023,D5,5.95,NA,NA,NA,NA,NA,NA,NA,NA,NA,NA,NA
42,2023,D6,26,NA,NA,NA,NA,NA,NA,NA,NA,NA,NA,NA
43,2023,D0,0.2,2021-07-07,NA,NA,NA,NA,NA,NA,NA,NA,NA,NA
43,2023,D1,0.1,2021-07-15,NA,NA,NA,NA,NA,NA,NA,NA,NA,NA
43,2023,D2,0.35,2021-07-20,NA,NA,NA,NA,NA,NA,NA,NA,NA,NA
43,2023,D3,2.3,2021-08-02,NA,NA,NA,NA,NA,NA,NA,NA,NA,NA
43,2023,D4,2.75,2021-08-25,NA,NA,NA,NA,NA,NA,NA,NA,NA,NA
43,2023,D5,5.7,NA,NA,NA,NA,NA,NA,NA,NA,NA,NA,NA
43,2023,D6,46,NA,NA,NA,NA,NA,NA,NA,NA,NA,NA,NA
44,2023,D0,0.3,2021-07-07,NA,NA,NA,NA,NA,NA,NA,NA,NA,NA
44,2023,D1,0.55,2021-07-15,NA,NA,NA,NA,NA,NA,NA,NA,NA,NA
44,2023,D2,9.6,2021-07-20,NA,NA,NA,NA,NA,NA,NA,NA,NA,NA
44,2023,D3,13.35,2021-08-02,NA,NA,NA,NA,NA,NA,NA,NA,NA,NA
44,2023,D4,20.35,2021-08-25,NA,NA,NA,NA,NA,NA,NA,NA,NA,NA
44,2023,D5,39.25,NA,NA,NA,NA,NA,NA,NA,NA,NA,NA,NA
44,2023,D6,28.5,NA,NA,NA,NA,NA,NA,NA,NA,NA,NA,NA
45,2023,D0,0.15,2021-07-07,NA,NA,NA,NA,NA,NA,NA,NA,NA,NA
45,2023,D1,0.15,2021-07-15,NA,NA,NA,NA,NA,NA,NA,NA,NA,NA
45,2023,D2,0.45,2021-07-20,NA,NA,NA,NA,NA,NA,NA,NA,NA,NA
45,2023,D3,2.65,2021-08-02,NA,NA,NA,NA,NA,NA,NA,NA,NA,NA
45,2023,D4,5.75,2021-08-25,NA,NA,NA,NA,NA,NA,NA,NA,NA,NA
45,2023,D5,16.75,NA,NA,NA,NA,NA,NA,NA,NA,NA,NA,NA
45,2023,D6,27,NA,NA,NA,NA,NA,NA,NA,NA,NA,NA,NA
46,2023,D0,0.15,2021-07-07,NA,NA,NA,NA,NA,NA,NA,NA,NA,NA
46,2023,D1,1.05,2021-07-15,NA,NA,NA,NA,NA,NA,NA,NA,NA,NA
46,2023,D2,11.3,2021-07-20,NA,NA,NA,NA,NA,NA,NA,NA,NA,NA
46,2023,D3,16.25,2021-08-02,NA,NA,NA,NA,NA,NA,NA,NA,NA,NA
46,2023,D4,35.5,2021-08-25,NA,NA,NA,NA,NA,NA,NA,NA,NA,NA
46,2023,D5,42.5,NA,NA,NA,NA,NA,NA,NA,NA,NA,NA,NA
46,2023,D6,56.75,NA,NA,NA,NA,NA,NA,NA,NA,NA,NA,NA
47,2023,D0,0.15,2021-07-07,NA,NA,NA,NA,NA,NA,NA,NA,NA,NA
47,2023,D1,0.25,2021-07-15,NA,NA,NA,NA,NA,NA,NA,NA,NA,NA
47,2023,D2,2.15,2021-07-20,NA,NA,NA,NA,NA,NA,NA,NA,NA,NA
47,2023,D3,5.7,2021-08-02,NA,NA,NA,NA,NA,NA,NA,NA,NA,NA
47,2023,D4,12.2,2021-08-25,NA,NA,NA,NA,NA,NA,NA,NA,NA,NA
47,2023,D5,26.25,NA,NA,NA,NA,NA,NA,NA,NA,NA,NA,NA
47,2023,D6,41,NA,NA,NA,NA,NA,NA,NA,NA,NA,NA,NA
48,2023,D0,0.15,2021-07-07,NA,NA,NA,NA,NA,NA,NA,NA,NA,NA
48,2023,D1,3.9,2021-07-15,NA,NA,NA,NA,NA,NA,NA,NA,NA,NA
48,2023,D2,22.45,2021-07-20,NA,NA,NA,NA,NA,NA,NA,NA,NA,NA
48,2023,D3,46.5,2021-08-02,NA,NA,NA,NA,NA,NA,NA,NA,NA,NA
48,2023,D4,50.25,2021-08-25,NA,NA,NA,NA,NA,NA,NA,NA,NA,NA
48,2023,D5,72.75,NA,NA,NA,NA,NA,NA,NA,NA,NA,NA,NA
48,2023,D6,91.25,NA,NA,NA,NA,NA,NA,NA,NA,NA,NA,NA
49,2023,D0,0.15,2021-07-07,NA,NA,NA,NA,NA,NA,NA,NA,NA,NA
49,2023,D1,0.8,2021-07-15,NA,NA,NA,NA,NA,NA,NA,NA,NA,NA
49,2023,D2,13.3,2021-07-20,NA,NA,NA,NA,NA,NA,NA,NA,NA,NA
49,2023,D3,23,2021-08-02,NA,NA,NA,NA,NA,NA,NA,NA,NA,NA
49,2023,D4,28,2021-08-25,NA,NA,NA,NA,NA,NA,NA,NA,NA,NA
49,2023,D5,20.75,NA,NA,NA,NA,NA,NA,NA,NA,NA,NA,NA
49,2023,D6,50.5,NA,NA,NA,NA,NA,NA,NA,NA,NA,NA,NA
50,2023,D0,0.15,2021-07-07,NA,NA,NA,NA,NA,NA,NA,NA,NA,NA
50,2023,D1,6,2021-07-15,NA,NA,NA,NA,NA,NA,NA,NA,NA,NA
50,2023,D2,4.4,2021-07-20,NA,NA,NA,NA,NA,NA,NA,NA,NA,NA
50,2023,D3,21,2021-08-02,NA,NA,NA,NA,NA,NA,NA,NA,NA,NA
50,2023,D4,21.5,2021-08-25,NA,NA,NA,NA,NA,NA,NA,NA,NA,NA
50,2023,D5,33.5,NA,NA,NA,NA,NA,NA,NA,NA,NA,NA,NA
50,2023,D6,50,NA,NA,NA,NA,NA,NA,NA,NA,NA,NA,NA
51,2023,D0,0.25,2021-07-07,NA,NA,NA,NA,NA,NA,NA,NA,NA,NA
51,2023,D1,1.05,2021-07-15,NA,NA,NA,NA,NA,NA,NA,NA,NA,NA
51,2023,D2,2.9,2021-07-20,NA,NA,NA,NA,NA,NA,NA,NA,NA,NA
51,2023,D3,3.35,2021-08-02,NA,NA,NA,NA,NA,NA,NA,NA,NA,NA
51,2023,D4,11.85,2021-08-25,NA,NA,NA,NA,NA,NA,NA,NA,NA,NA
51,2023,D5,14.6,NA,NA,NA,NA,NA,NA,NA,NA,NA,NA,NA
51,2023,D6,49.25,NA,NA,NA,NA,NA,NA,NA,NA,NA,NA,NA
52,2023,D0,0.2,2021-07-07,NA,NA,NA,NA,NA,NA,NA,NA,NA,NA
52,2023,D1,0.6,2021-07-15,NA,NA,NA,NA,NA,NA,NA,NA,NA,NA
52,2023,D2,4.95,2021-07-20,NA,NA,NA,NA,NA,NA,NA,NA,NA,NA
52,2023,D3,8.7,2021-08-02,NA,NA,NA,NA,NA,NA,NA,NA,NA,NA
52,2023,D4,24.25,2021-08-25,NA,NA,NA,NA,NA,NA,NA,NA,NA,NA
52,2023,D5,42.75,NA,NA,NA,NA,NA,NA,NA,NA,NA,NA,NA
52,2023,D6,56.25,NA,NA,NA,NA,NA,NA,NA,NA,NA,NA,NA
53,2023,D0,0.2,2021-07-07,NA,NA,NA,NA,NA,NA,NA,NA,NA,NA
53,2023,D1,2.8,2021-07-15,NA,NA,NA,NA,NA,NA,NA,NA,NA,NA
53,2023,D2,2.35,2021-07-20,NA,NA,NA,NA,NA,NA,NA,NA,NA,NA
53,2023,D3,5.8,2021-08-02,NA,NA,NA,NA,NA,NA,NA,NA,NA,NA
53,2023,D4,25.75,2021-08-25,NA,NA,NA,NA,NA,NA,NA,NA,NA,NA
53,2023,D5,62.5,NA,NA,NA,NA,NA,NA,NA,NA,NA,NA,NA
53,2023,D6,77.25,NA,NA,NA,NA,NA,NA,NA,NA,NA,NA,NA
54,2023,D0,0.3,2021-07-07,NA,NA,NA,NA,NA,NA,NA,NA,NA,NA
54,2023,D1,0.15,2021-07-15,NA,NA,NA,NA,NA,NA,NA,NA,NA,NA
54,2023,D2,0.55,2021-07-20,NA,NA,NA,NA,NA,NA,NA,NA,NA,NA
54,2023,D3,1,2021-08-02,NA,NA,NA,NA,NA,NA,NA,NA,NA,NA
54,2023,D4,7,2021-08-25,NA,NA,NA,NA,NA,NA,NA,NA,NA,NA
54,2023,D5,12.95,NA,NA,NA,NA,NA,NA,NA,NA,NA,NA,NA
54,2023,D6,36.25,NA,NA,NA,NA,NA,NA,NA,NA,NA,NA,NA
55,2023,D0,0.15,2021-07-07,NA,NA,NA,NA,NA,NA,NA,NA,NA,NA
55,2023,D1,2.25,2021-07-15,NA,NA,NA,NA,NA,NA,NA,NA,NA,NA
55,2023,D2,1.5,2021-07-20,NA,NA,NA,NA,NA,NA,NA,NA,NA,NA
55,2023,D3,5.7,2021-08-02,NA,NA,NA,NA,NA,NA,NA,NA,NA,NA
55,2023,D4,10.8,2021-08-25,NA,NA,NA,NA,NA,NA,NA,NA,NA,NA
55,2023,D5,31.75,NA,NA,NA,NA,NA,NA,NA,NA,NA,NA,NA
55,2023,D6,68,NA,NA,NA,NA,NA,NA,NA,NA,NA,NA,NA
56,2023,D0,0.15,2021-07-07,NA,NA,NA,NA,NA,NA,NA,NA,NA,NA
56,2023,D1,0.05,2021-07-15,NA,NA,NA,NA,NA,NA,NA,NA,NA,NA
56,2023,D2,0.3,2021-07-20,NA,NA,NA,NA,NA,NA,NA,NA,NA,NA
56,2023,D3,0.5,2021-08-02,NA,NA,NA,NA,NA,NA,NA,NA,NA,NA
56,2023,D4,2.8,2021-08-25,NA,NA,NA,NA,NA,NA,NA,NA,NA,NA
56,2023,D5,5.4,NA,NA,NA,NA,NA,NA,NA,NA,NA,NA,NA
56,2023,D6,21.75,NA,NA,NA,NA,NA,NA,NA,NA,NA,NA,NA
